DBCC CHECKIDENT ('[Recording]', RESEED, 0);
GO

SET IDENTITY_INSERT [dbo].[Recording] ON
INSERT INTO [dbo].[Recording] ([RecordingId], [Part], [AudioURL], [Available], [Title], [ExaminerID]) VALUES (1001, 1, N'IELTS-Listening-Test-1-Section-1.mp3', 1, N'Car Tours in the USA', N'3865caf8-f86c-4b64-be4d-860929ee7e72')
INSERT INTO [dbo].[Recording] ([RecordingId], [Part], [AudioURL], [Available], [Title], [ExaminerID]) VALUES (1002, 2, N'IELTS-Listening-Test-1-Section-2.mp3', 1, N'Leisure club', N'3865caf8-f86c-4b64-be4d-860929ee7e72')
INSERT INTO [dbo].[Recording] ([RecordingId], [Part], [AudioURL], [Available], [Title], [ExaminerID]) VALUES (1003, 3, N'IELTS-Listening-Test-1-Section-3.mp3', 1, N'Global Design Competition', N'3865caf8-f86c-4b64-be4d-860929ee7e72')
INSERT INTO [dbo].[Recording] ([RecordingId], [Part], [AudioURL], [Available], [Title], [ExaminerID]) VALUES (1004, 4, N'IELTS-Listening-Test-1-Section-4.mp3', 1, N'The Sprit Bar', N'3865caf8-f86c-4b64-be4d-860929ee7e72')
INSERT INTO [dbo].[Recording] ([RecordingId], [Part], [AudioURL], [Available], [Title], [ExaminerID]) VALUES (1005, 1, N'IELTS-Listening-Test-2-Section-1.mp3', 1, N'Transport Survey', N'3865caf8-f86c-4b64-be4d-860929ee7e72')
INSERT INTO [dbo].[Recording] ([RecordingId], [Part], [AudioURL], [Available], [Title], [ExaminerID]) VALUES (1006, 2, N'IELTS-Listening-Test-2-Section-2.mp3', 1, N'New City Developments', N'3865caf8-f86c-4b64-be4d-860929ee7e72')
INSERT INTO [dbo].[Recording] ([RecordingId], [Part], [AudioURL], [Available], [Title], [ExaminerID]) VALUES (1007, 3, N'IELTS-Listening-Test-2-Section-3.mp3', 1, N'The Later Life of Thor Heyerdahl', N'3865caf8-f86c-4b64-be4d-860929ee7e72')
INSERT INTO [dbo].[Recording] ([RecordingId], [Part], [AudioURL], [Available], [Title], [ExaminerID]) VALUES (1008, 4, N'IELTS-Listening-Test-2-Section-4.mp3', 1, N'The Future of Management', N'3865caf8-f86c-4b64-be4d-860929ee7e72')
INSERT INTO [dbo].[Recording] ([RecordingId], [Part], [AudioURL], [Available], [Title], [ExaminerID]) VALUES (1009, 1, N'IELTS-Listening-Test-3-Section-1.mp3', 1, N'Early Learning Childcare Centre', N'3865caf8-f86c-4b64-be4d-860929ee7e72')
INSERT INTO [dbo].[Recording] ([RecordingId], [Part], [AudioURL], [Available], [Title], [ExaminerID]) VALUES (1010, 2, N'IELTS-Listening-Test-3-Section-2.mp3', 1, N'The Dolphin Conservation Trust', N'3865caf8-f86c-4b64-be4d-860929ee7e72')
INSERT INTO [dbo].[Recording] ([RecordingId], [Part], [AudioURL], [Available], [Title], [ExaminerID]) VALUES (1011, 3, N'IELTS-Listening-Test-3-Section-3.mp3', 1, N'Theatre Studies Course', N'3865caf8-f86c-4b64-be4d-860929ee7e72')
INSERT INTO [dbo].[Recording] ([RecordingId], [Part], [AudioURL], [Available], [Title], [ExaminerID]) VALUES (1012, 4, N'IELTS-Listening-Test-3-Section-4.mp3', 1, N'Self-regulatory focus theory and leadership', N'3865caf8-f86c-4b64-be4d-860929ee7e72')
INSERT INTO [dbo].[Recording] ([RecordingId], [Part], [AudioURL], [Available], [Title], [ExaminerID]) VALUES (1013, 1, N'IELTS-Listening-Test-4-Section-1.mp3', 1, N'Thorndyke’s Builders', N'3865caf8-f86c-4b64-be4d-860929ee7e72')
INSERT INTO [dbo].[Recording] ([RecordingId], [Part], [AudioURL], [Available], [Title], [ExaminerID]) VALUES (1014, 2, N'IELTS-Listening-Test-4-Section-2.mp3', 1, N'Manham Port', N'3865caf8-f86c-4b64-be4d-860929ee7e72')
INSERT INTO [dbo].[Recording] ([RecordingId], [Part], [AudioURL], [Available], [Title], [ExaminerID]) VALUES (1015, 3, N'IELTS-Listening-Test-4-Section-3.mp3', 1, N'Work placement', N'3865caf8-f86c-4b64-be4d-860929ee7e72')
INSERT INTO [dbo].[Recording] ([RecordingId], [Part], [AudioURL], [Available], [Title], [ExaminerID]) VALUES (1016, 4, N'IELTS-Listening-Test-4-Section-4.mp3', 1, N'Nanotechnology: technology on a small scale', N'3865caf8-f86c-4b64-be4d-860929ee7e72')
SET IDENTITY_INSERT [dbo].[Recording] OFF



DBCC CHECKIDENT ('[QuestionGroup]', RESEED, 0);
GO

SET IDENTITY_INSERT [dbo].[QuestionGroup] ON
INSERT INTO [dbo].[QuestionGroup] ([QuestionGroupId], [TaskType], [QuestionGroupURL], [RecordingID], [QuestionNoEnd], [QuestionNoStart]) VALUES (1001, 4, N'Storage\QuestionsText\Part1\16bea4fc-fec0-4ca8-85bf-be88143e33a0_1017_1_1_To_6.html', 1001, 6, 1)
INSERT INTO [dbo].[QuestionGroup] ([QuestionGroupId], [TaskType], [QuestionGroupURL], [RecordingID], [QuestionNoEnd], [QuestionNoStart]) VALUES (1002, 4, N'Storage\QuestionsText\Part1\5ebbdf18-9aa6-4dad-9b53-b6ec219760d3_1017_1_7_To_10.html', 1001, 10, 7)
INSERT INTO [dbo].[QuestionGroup] ([QuestionGroupId], [TaskType], [QuestionGroupURL], [RecordingID], [QuestionNoEnd], [QuestionNoStart]) VALUES (1003, 1, N'Storage\QuestionsText\Part2\fa345365-4a1b-45af-9ef9-a7d9a1e7da7c_1018_2_11_To_12.html', 1002, 12, 11)
INSERT INTO [dbo].[QuestionGroup] ([QuestionGroupId], [TaskType], [QuestionGroupURL], [RecordingID], [QuestionNoEnd], [QuestionNoStart]) VALUES (1004, 5, N'Storage\QuestionsText\Part2\2a3f4282-5f56-4cd6-bf73-4ce323327d0d_1018_2_13_To_20.html', 1002, 20, 13)
INSERT INTO [dbo].[QuestionGroup] ([QuestionGroupId], [TaskType], [QuestionGroupURL], [RecordingID], [QuestionNoEnd], [QuestionNoStart]) VALUES (1005, 1, N'Storage\QuestionsText\Part3\b894f384-185c-43c5-8db5-dab6909f380b_1019_3_21_To_25.html', 1003, 25, 21)
INSERT INTO [dbo].[QuestionGroup] ([QuestionGroupId], [TaskType], [QuestionGroupURL], [RecordingID], [QuestionNoEnd], [QuestionNoStart]) VALUES (1006, 4, N'Storage\QuestionsText\Part3\83c259ee-c691-4743-9b1b-6a05a6bf910a_1019_3_26_To_30.html', 1003, 30, 26)
INSERT INTO [dbo].[QuestionGroup] ([QuestionGroupId], [TaskType], [QuestionGroupURL], [RecordingID], [QuestionNoEnd], [QuestionNoStart]) VALUES (1007, 6, N'Storage\QuestionsText\Part4\1694bd97-c499-4985-82e4-147265668310_1021_4_31_To_40.html', 1004, 40, 31)
INSERT INTO [dbo].[QuestionGroup] ([QuestionGroupId], [TaskType], [QuestionGroupURL], [RecordingID], [QuestionNoEnd], [QuestionNoStart]) VALUES (1008, 4, N'Storage\QuestionsText\Part1\d2d56cf3-c400-4cee-8994-ffe7b062b9a1_1022_1_1_To_10.html', 1005, 10, 1)
INSERT INTO [dbo].[QuestionGroup] ([QuestionGroupId], [TaskType], [QuestionGroupURL], [RecordingID], [QuestionNoEnd], [QuestionNoStart]) VALUES (1009, 1, N'Storage\QuestionsText\Part2\eb83413b-cc53-4ae0-986f-948446f12f37_1023_2_11_To_14.html', 1006, 14, 11)
INSERT INTO [dbo].[QuestionGroup] ([QuestionGroupId], [TaskType], [QuestionGroupURL], [RecordingID], [QuestionNoEnd], [QuestionNoStart]) VALUES (1010, 2, N'Storage\QuestionsText\Part2\81fe88c4-0626-49a5-85b7-9bf95c042313_1023_2_15_To_20.html', 1006, 20, 15)
INSERT INTO [dbo].[QuestionGroup] ([QuestionGroupId], [TaskType], [QuestionGroupURL], [RecordingID], [QuestionNoEnd], [QuestionNoStart]) VALUES (1011, 1, N'Storage\QuestionsText\Part3\6c357aff-3fcc-40ea-8f7d-918128af17d8_1024_3_21_To_22.html', 1007, 22, 21)
INSERT INTO [dbo].[QuestionGroup] ([QuestionGroupId], [TaskType], [QuestionGroupURL], [RecordingID], [QuestionNoEnd], [QuestionNoStart]) VALUES (1012, 1, N'Storage\QuestionsText\Part3\be900106-77a5-4ada-93f9-271c6763cc39_1024_3_23_To_24.html', 1007, 24, 23)
INSERT INTO [dbo].[QuestionGroup] ([QuestionGroupId], [TaskType], [QuestionGroupURL], [RecordingID], [QuestionNoEnd], [QuestionNoStart]) VALUES (1013, 1, N'Storage\QuestionsText\Part3\42c8d012-5f27-4844-b9b3-cc7754db58c1_1024_3_25_To_30.html', 1007, 30, 25)
INSERT INTO [dbo].[QuestionGroup] ([QuestionGroupId], [TaskType], [QuestionGroupURL], [RecordingID], [QuestionNoEnd], [QuestionNoStart]) VALUES (1014, 4, N'Storage\QuestionsText\Part4\27ccd887-3d3c-4eb3-9ce2-bc09c4306579_1025_4_31_To_40.html', 1008, 40, 31)
INSERT INTO [dbo].[QuestionGroup] ([QuestionGroupId], [TaskType], [QuestionGroupURL], [RecordingID], [QuestionNoEnd], [QuestionNoStart]) VALUES (1015, 4, N'Storage\QuestionsText\Part1\e1cbb171-9b88-42d5-a3b0-8d0ca417bf62_1026_1_1_To_10.html', 1009, 10, 1)
INSERT INTO [dbo].[QuestionGroup] ([QuestionGroupId], [TaskType], [QuestionGroupURL], [RecordingID], [QuestionNoEnd], [QuestionNoStart]) VALUES (1016, 1, N'Storage\QuestionsText\Part2\ba3a437a-7ab7-406b-968d-61111e805100_1027_2_11_To_12.html', 1010, 12, 11)
INSERT INTO [dbo].[QuestionGroup] ([QuestionGroupId], [TaskType], [QuestionGroupURL], [RecordingID], [QuestionNoEnd], [QuestionNoStart]) VALUES (1017, 1, N'Storage\QuestionsText\Part2\a7f74fdd-20f1-49bb-bcda-9097fb74b7c8_1027_2_13_To_15.html', 1010, 15, 13)
INSERT INTO [dbo].[QuestionGroup] ([QuestionGroupId], [TaskType], [QuestionGroupURL], [RecordingID], [QuestionNoEnd], [QuestionNoStart]) VALUES (1018, 2, N'Storage\QuestionsText\Part2\cb5b928b-fb04-4740-9ec2-5f3744d4c399_1027_2_16_To_20.html', 1010, 20, 16)
INSERT INTO [dbo].[QuestionGroup] ([QuestionGroupId], [TaskType], [QuestionGroupURL], [RecordingID], [QuestionNoEnd], [QuestionNoStart]) VALUES (1019, 1, N'Storage\QuestionsText\Part3\2fbae4a6-bd10-48fc-8feb-7ef567ae64d7_1028_3_21_To_25.html', 1011, 25, 21)
INSERT INTO [dbo].[QuestionGroup] ([QuestionGroupId], [TaskType], [QuestionGroupURL], [RecordingID], [QuestionNoEnd], [QuestionNoStart]) VALUES (1020, 2, N'Storage\QuestionsText\Part3\9a1c2c58-de53-4d25-9eb6-538710d14b38_1028_3_26_To_30.html', 1011, 30, 26)
INSERT INTO [dbo].[QuestionGroup] ([QuestionGroupId], [TaskType], [QuestionGroupURL], [RecordingID], [QuestionNoEnd], [QuestionNoStart]) VALUES (1021, 4, N'Storage\QuestionsText\Part4\352ed94f-67da-4ab4-8243-bc69f103ae4f_1029_4_31_To_32.html', 1012, 40, 31)
INSERT INTO [dbo].[QuestionGroup] ([QuestionGroupId], [TaskType], [QuestionGroupURL], [RecordingID], [QuestionNoEnd], [QuestionNoStart]) VALUES (1022, 4, N'Storage\QuestionsText\Part1\e4a0469d-6c0e-4daf-b1a6-20e5a67ab625_1030_1_1_To_6.html', 1013, 6, 1)
INSERT INTO [dbo].[QuestionGroup] ([QuestionGroupId], [TaskType], [QuestionGroupURL], [RecordingID], [QuestionNoEnd], [QuestionNoStart]) VALUES (1023, 4, N'Storage\QuestionsText\Part1\1fde92f6-bcdd-4fca-8cc3-15ae2652b96e_1030_1_7_To_10.html', 1013, 10, 7)
INSERT INTO [dbo].[QuestionGroup] ([QuestionGroupId], [TaskType], [QuestionGroupURL], [RecordingID], [QuestionNoEnd], [QuestionNoStart]) VALUES (1024, 1, N'Storage\QuestionsText\Part2\af34f42d-3811-41a6-9576-5ad8f30d5274_1031_2_11_To_15.html', 1014, 15, 11)
INSERT INTO [dbo].[QuestionGroup] ([QuestionGroupId], [TaskType], [QuestionGroupURL], [RecordingID], [QuestionNoEnd], [QuestionNoStart]) VALUES (1025, 4, N'Storage\QuestionsText\Part2\a0e31cf9-4c53-46d1-aada-4bde4e9bb62f_1031_2_16_To_20.html', 1014, 20, 16)
INSERT INTO [dbo].[QuestionGroup] ([QuestionGroupId], [TaskType], [QuestionGroupURL], [RecordingID], [QuestionNoEnd], [QuestionNoStart]) VALUES (1026, 1, N'Storage\QuestionsText\Part3\3fa7586d-6d20-441a-ae87-c71810da637d_1032_3_21_To_22.html', 1015, 22, 21)
INSERT INTO [dbo].[QuestionGroup] ([QuestionGroupId], [TaskType], [QuestionGroupURL], [RecordingID], [QuestionNoEnd], [QuestionNoStart]) VALUES (1027, 1, N'Storage\QuestionsText\Part3\aa1a22d4-72eb-41ae-bc7f-7012bc213fef_1032_3_23_To_24.html', 1015, 24, 23)
INSERT INTO [dbo].[QuestionGroup] ([QuestionGroupId], [TaskType], [QuestionGroupURL], [RecordingID], [QuestionNoEnd], [QuestionNoStart]) VALUES (1028, 2, N'Storage\QuestionsText\Part3\45f9831d-aefd-45b4-a6cc-e96e5d526549_1032_3_25_To_30.html', 1015, 30, 25)
INSERT INTO [dbo].[QuestionGroup] ([QuestionGroupId], [TaskType], [QuestionGroupURL], [RecordingID], [QuestionNoEnd], [QuestionNoStart]) VALUES (1029, 1, N'Storage\QuestionsText\Part4\b2ea3b57-7796-411b-a0f4-88a67afd1da6_1033_4_31_To_33.html', 1016, 33, 31)
INSERT INTO [dbo].[QuestionGroup] ([QuestionGroupId], [TaskType], [QuestionGroupURL], [RecordingID], [QuestionNoEnd], [QuestionNoStart]) VALUES (1030, 4, N'Storage\QuestionsText\Part4\5981176b-5f02-4711-8975-164dbecdcab8_1033_4_34_To_40.html', 1016, 40, 34)
SET IDENTITY_INSERT [dbo].[QuestionGroup] OFF



DBCC CHECKIDENT ('[MarkScheme]', RESEED, 0);
GO

SET IDENTITY_INSERT [dbo].[MarkScheme] ON
INSERT INTO [dbo].[MarkScheme] ([MarkSchemeID], [Index], [Answer], [QuestionGroupID]) VALUES (1001, 1, N'Ardleigh', 1001)
INSERT INTO [dbo].[MarkScheme] ([MarkSchemeID], [Index], [Answer], [QuestionGroupID]) VALUES (1002, 2, N'newspaper', 1001)
INSERT INTO [dbo].[MarkScheme] ([MarkSchemeID], [Index], [Answer], [QuestionGroupID]) VALUES (1003, 3, N'theme', 1001)
INSERT INTO [dbo].[MarkScheme] ([MarkSchemeID], [Index], [Answer], [QuestionGroupID]) VALUES (1004, 4, N'tent', 1001)
INSERT INTO [dbo].[MarkScheme] ([MarkSchemeID], [Index], [Answer], [QuestionGroupID]) VALUES (1005, 5, N'castle', 1001)
INSERT INTO [dbo].[MarkScheme] ([MarkSchemeID], [Index], [Answer], [QuestionGroupID]) VALUES (1006, 6, N'beach/beaches', 1001)
INSERT INTO [dbo].[MarkScheme] ([MarkSchemeID], [Index], [Answer], [QuestionGroupID]) VALUES (1007, 7, N'2020', 1002)
INSERT INTO [dbo].[MarkScheme] ([MarkSchemeID], [Index], [Answer], [QuestionGroupID]) VALUES (1008, 8, N'flight', 1002)
INSERT INTO [dbo].[MarkScheme] ([MarkSchemeID], [Index], [Answer], [QuestionGroupID]) VALUES (1009, 9, N'429', 1002)
INSERT INTO [dbo].[MarkScheme] ([MarkSchemeID], [Index], [Answer], [QuestionGroupID]) VALUES (1010, 10, N'dinner', 1002)
INSERT INTO [dbo].[MarkScheme] ([MarkSchemeID], [Index], [Answer], [QuestionGroupID]) VALUES (1011, 11, N'A/C', 1003)
INSERT INTO [dbo].[MarkScheme] ([MarkSchemeID], [Index], [Answer], [QuestionGroupID]) VALUES (1012, 12, N'A/C', 1003)
INSERT INTO [dbo].[MarkScheme] ([MarkSchemeID], [Index], [Answer], [QuestionGroupID]) VALUES (1013, 13, N'health problems', 1004)
INSERT INTO [dbo].[MarkScheme] ([MarkSchemeID], [Index], [Answer], [QuestionGroupID]) VALUES (1014, 14, N'safety rules', 1004)
INSERT INTO [dbo].[MarkScheme] ([MarkSchemeID], [Index], [Answer], [QuestionGroupID]) VALUES (1015, 15, N'plan', 1004)
INSERT INTO [dbo].[MarkScheme] ([MarkSchemeID], [Index], [Answer], [QuestionGroupID]) VALUES (1016, 16, N'joining', 1004)
INSERT INTO [dbo].[MarkScheme] ([MarkSchemeID], [Index], [Answer], [QuestionGroupID]) VALUES (1017, 17, N'free entry', 1004)
INSERT INTO [dbo].[MarkScheme] ([MarkSchemeID], [Index], [Answer], [QuestionGroupID]) VALUES (1018, 18, N'peak', 1004)
INSERT INTO [dbo].[MarkScheme] ([MarkSchemeID], [Index], [Answer], [QuestionGroupID]) VALUES (1019, 19, N'guests', 1004)
INSERT INTO [dbo].[MarkScheme] ([MarkSchemeID], [Index], [Answer], [QuestionGroupID]) VALUES (1020, 20, N'photo card/photo cards', 1004)
INSERT INTO [dbo].[MarkScheme] ([MarkSchemeID], [Index], [Answer], [QuestionGroupID]) VALUES (1021, 21, N'C', 1005)
INSERT INTO [dbo].[MarkScheme] ([MarkSchemeID], [Index], [Answer], [QuestionGroupID]) VALUES (1022, 22, N'A', 1005)
INSERT INTO [dbo].[MarkScheme] ([MarkSchemeID], [Index], [Answer], [QuestionGroupID]) VALUES (1023, 23, N'B', 1005)
INSERT INTO [dbo].[MarkScheme] ([MarkSchemeID], [Index], [Answer], [QuestionGroupID]) VALUES (1024, 24, N'A', 1005)
INSERT INTO [dbo].[MarkScheme] ([MarkSchemeID], [Index], [Answer], [QuestionGroupID]) VALUES (1025, 25, N'C', 1005)
INSERT INTO [dbo].[MarkScheme] ([MarkSchemeID], [Index], [Answer], [QuestionGroupID]) VALUES (1026, 26, N'presentation', 1006)
INSERT INTO [dbo].[MarkScheme] ([MarkSchemeID], [Index], [Answer], [QuestionGroupID]) VALUES (1027, 27, N'model', 1006)
INSERT INTO [dbo].[MarkScheme] ([MarkSchemeID], [Index], [Answer], [QuestionGroupID]) VALUES (1028, 28, N'material/materials', 1006)
INSERT INTO [dbo].[MarkScheme] ([MarkSchemeID], [Index], [Answer], [QuestionGroupID]) VALUES (1029, 29, N'grant', 1006)
INSERT INTO [dbo].[MarkScheme] ([MarkSchemeID], [Index], [Answer], [QuestionGroupID]) VALUES (1030, 30, N'technical', 1006)
INSERT INTO [dbo].[MarkScheme] ([MarkSchemeID], [Index], [Answer], [QuestionGroupID]) VALUES (1031, 31, N'gene', 1007)
INSERT INTO [dbo].[MarkScheme] ([MarkSchemeID], [Index], [Answer], [QuestionGroupID]) VALUES (1032, 32, N'power/powers', 1007)
INSERT INTO [dbo].[MarkScheme] ([MarkSchemeID], [Index], [Answer], [QuestionGroupID]) VALUES (1033, 33, N'strangers', 1007)
INSERT INTO [dbo].[MarkScheme] ([MarkSchemeID], [Index], [Answer], [QuestionGroupID]) VALUES (1034, 34, N'erosion', 1007)
INSERT INTO [dbo].[MarkScheme] ([MarkSchemeID], [Index], [Answer], [QuestionGroupID]) VALUES (1035, 35, N'islands', 1007)
INSERT INTO [dbo].[MarkScheme] ([MarkSchemeID], [Index], [Answer], [QuestionGroupID]) VALUES (1036, 36, N'roads', 1007)
INSERT INTO [dbo].[MarkScheme] ([MarkSchemeID], [Index], [Answer], [QuestionGroupID]) VALUES (1037, 37, N'fishing', 1007)
INSERT INTO [dbo].[MarkScheme] ([MarkSchemeID], [Index], [Answer], [QuestionGroupID]) VALUES (1038, 38, N'reproduction', 1007)
INSERT INTO [dbo].[MarkScheme] ([MarkSchemeID], [Index], [Answer], [QuestionGroupID]) VALUES (1039, 39, N'method/methods', 1007)
INSERT INTO [dbo].[MarkScheme] ([MarkSchemeID], [Index], [Answer], [QuestionGroupID]) VALUES (1040, 40, N'expansion', 1007)

INSERT INTO [dbo].[MarkScheme] ([MarkSchemeID], [Index], [Answer], [QuestionGroupID]) VALUES (1041, 1,  N'Hardie', 1008)
INSERT INTO [dbo].[MarkScheme] ([MarkSchemeID], [Index], [Answer], [QuestionGroupID]) VALUES (1042, 2,  N'19', 1008)
INSERT INTO [dbo].[MarkScheme] ([MarkSchemeID], [Index], [Answer], [QuestionGroupID]) VALUES (1043, 3,  N'GT82LC', 1008)
INSERT INTO [dbo].[MarkScheme] ([MarkSchemeID], [Index], [Answer], [QuestionGroupID]) VALUES (1044, 4,  N'hairdresser', 1008)
INSERT INTO [dbo].[MarkScheme] ([MarkSchemeID], [Index], [Answer], [QuestionGroupID]) VALUES (1045, 5,  N'dentist/dentist’s', 1008)
INSERT INTO [dbo].[MarkScheme] ([MarkSchemeID], [Index], [Answer], [QuestionGroupID]) VALUES (1046, 6,  N'lighting', 1008)
INSERT INTO [dbo].[MarkScheme] ([MarkSchemeID], [Index], [Answer], [QuestionGroupID]) VALUES (1047, 7,  N'trains', 1008)
INSERT INTO [dbo].[MarkScheme] ([MarkSchemeID], [Index], [Answer], [QuestionGroupID]) VALUES (1048, 8,  N'safe', 1008)
INSERT INTO [dbo].[MarkScheme] ([MarkSchemeID], [Index], [Answer], [QuestionGroupID]) VALUES (1049, 9,  N' shower', 1008)
INSERT INTO [dbo].[MarkScheme] ([MarkSchemeID], [Index], [Answer], [QuestionGroupID]) VALUES (1050, 10, N' training', 1008)
INSERT INTO [dbo].[MarkScheme] ([MarkSchemeID], [Index], [Answer], [QuestionGroupID]) VALUES (1051, 11, N'A', 1009)
INSERT INTO [dbo].[MarkScheme] ([MarkSchemeID], [Index], [Answer], [QuestionGroupID]) VALUES (1052, 12, N'C', 1009)
INSERT INTO [dbo].[MarkScheme] ([MarkSchemeID], [Index], [Answer], [QuestionGroupID]) VALUES (1053, 13, N'C', 1009)
INSERT INTO [dbo].[MarkScheme] ([MarkSchemeID], [Index], [Answer], [QuestionGroupID]) VALUES (1054, 14, N'A', 1009)
INSERT INTO [dbo].[MarkScheme] ([MarkSchemeID], [Index], [Answer], [QuestionGroupID]) VALUES (1055, 15, N'E', 1010)
INSERT INTO [dbo].[MarkScheme] ([MarkSchemeID], [Index], [Answer], [QuestionGroupID]) VALUES (1056, 16, N'F', 1010)
INSERT INTO [dbo].[MarkScheme] ([MarkSchemeID], [Index], [Answer], [QuestionGroupID]) VALUES (1057, 17, N'D', 1010)
INSERT INTO [dbo].[MarkScheme] ([MarkSchemeID], [Index], [Answer], [QuestionGroupID]) VALUES (1058, 18, N'H', 1010)
INSERT INTO [dbo].[MarkScheme] ([MarkSchemeID], [Index], [Answer], [QuestionGroupID]) VALUES (1059, 19, N'A', 1010)
INSERT INTO [dbo].[MarkScheme] ([MarkSchemeID], [Index], [Answer], [QuestionGroupID]) VALUES (1060, 20, N'B', 1010)
INSERT INTO [dbo].[MarkScheme] ([MarkSchemeID], [Index], [Answer], [QuestionGroupID]) VALUES (1061, 21, N'В/C', 1011)
INSERT INTO [dbo].[MarkScheme] ([MarkSchemeID], [Index], [Answer], [QuestionGroupID]) VALUES (1062, 22, N'В/C', 1011)
INSERT INTO [dbo].[MarkScheme] ([MarkSchemeID], [Index], [Answer], [QuestionGroupID]) VALUES (1063, 23, N'B/E', 1012)
INSERT INTO [dbo].[MarkScheme] ([MarkSchemeID], [Index], [Answer], [QuestionGroupID]) VALUES (1064, 24, N'B/E', 1012)
INSERT INTO [dbo].[MarkScheme] ([MarkSchemeID], [Index], [Answer], [QuestionGroupID]) VALUES (1065, 25, N'A', 1013)
INSERT INTO [dbo].[MarkScheme] ([MarkSchemeID], [Index], [Answer], [QuestionGroupID]) VALUES (1066, 26, N'C', 1013)
INSERT INTO [dbo].[MarkScheme] ([MarkSchemeID], [Index], [Answer], [QuestionGroupID]) VALUES (1067, 27, N'C', 1013)
INSERT INTO [dbo].[MarkScheme] ([MarkSchemeID], [Index], [Answer], [QuestionGroupID]) VALUES (1068, 28, N'A', 1013)
INSERT INTO [dbo].[MarkScheme] ([MarkSchemeID], [Index], [Answer], [QuestionGroupID]) VALUES (1069, 29, N'B', 1013)
INSERT INTO [dbo].[MarkScheme] ([MarkSchemeID], [Index], [Answer], [QuestionGroupID]) VALUES (1070, 30, N'A', 1013)
INSERT INTO [dbo].[MarkScheme] ([MarkSchemeID], [Index], [Answer], [QuestionGroupID]) VALUES (1071, 31, N'competition', 1014)
INSERT INTO [dbo].[MarkScheme] ([MarkSchemeID], [Index], [Answer], [QuestionGroupID]) VALUES (1072, 32, N'global', 1014)
INSERT INTO [dbo].[MarkScheme] ([MarkSchemeID], [Index], [Answer], [QuestionGroupID]) VALUES (1073, 33, N'demand', 1014)
INSERT INTO [dbo].[MarkScheme] ([MarkSchemeID], [Index], [Answer], [QuestionGroupID]) VALUES (1074, 34, N'customers', 1014)
INSERT INTO [dbo].[MarkScheme] ([MarkSchemeID], [Index], [Answer], [QuestionGroupID]) VALUES (1075, 35, N'regulation', 1014)
INSERT INTO [dbo].[MarkScheme] ([MarkSchemeID], [Index], [Answer], [QuestionGroupID]) VALUES (1076, 36, N'project', 1014)
INSERT INTO [dbo].[MarkScheme] ([MarkSchemeID], [Index], [Answer], [QuestionGroupID]) VALUES (1077, 37, N'flexible', 1014)
INSERT INTO [dbo].[MarkScheme] ([MarkSchemeID], [Index], [Answer], [QuestionGroupID]) VALUES (1078, 38, N'leadership', 1014)
INSERT INTO [dbo].[MarkScheme] ([MarkSchemeID], [Index], [Answer], [QuestionGroupID]) VALUES (1079, 39, N'women', 1014)
INSERT INTO [dbo].[MarkScheme] ([MarkSchemeID], [Index], [Answer], [QuestionGroupID]) VALUES (1080, 40, N'self-employed', 1014)

INSERT INTO [dbo].[MarkScheme] ([MarkSchemeID], [Index], [Answer], [QuestionGroupID]) VALUES (1081, 1,  N'4', 1015)
INSERT INTO [dbo].[MarkScheme] ([MarkSchemeID], [Index], [Answer], [QuestionGroupID]) VALUES (1082, 2,  N'46 Wombat', 1015)
INSERT INTO [dbo].[MarkScheme] ([MarkSchemeID], [Index], [Answer], [QuestionGroupID]) VALUES (1083, 3,  N'Thursday', 1015)
INSERT INTO [dbo].[MarkScheme] ([MarkSchemeID], [Index], [Answer], [QuestionGroupID]) VALUES (1084, 4,  N'8.3', 1015)
INSERT INTO [dbo].[MarkScheme] ([MarkSchemeID], [Index], [Answer], [QuestionGroupID]) VALUES (1085, 5,  N' red', 1015)
INSERT INTO [dbo].[MarkScheme] ([MarkSchemeID], [Index], [Answer], [QuestionGroupID]) VALUES (1086, 6,  N' lunch', 1015)
INSERT INTO [dbo].[MarkScheme] ([MarkSchemeID], [Index], [Answer], [QuestionGroupID]) VALUES (1087, 7,  N'glasses', 1015)
INSERT INTO [dbo].[MarkScheme] ([MarkSchemeID], [Index], [Answer], [QuestionGroupID]) VALUES (1088, 8,  N'Ball', 1015)
INSERT INTO [dbo].[MarkScheme] ([MarkSchemeID], [Index], [Answer], [QuestionGroupID]) VALUES (1089, 9,  N'aunt', 1015)
INSERT INTO [dbo].[MarkScheme] ([MarkSchemeID], [Index], [Answer], [QuestionGroupID]) VALUES (1090, 10, N'month', 1015)
INSERT INTO [dbo].[MarkScheme] ([MarkSchemeID], [Index], [Answer], [QuestionGroupID]) VALUES (1091, 11, N'C/E', 1016)
INSERT INTO [dbo].[MarkScheme] ([MarkSchemeID], [Index], [Answer], [QuestionGroupID]) VALUES (1092, 12, N'C/E', 1016)
INSERT INTO [dbo].[MarkScheme] ([MarkSchemeID], [Index], [Answer], [QuestionGroupID]) VALUES (1093, 13, N'B', 1017)
INSERT INTO [dbo].[MarkScheme] ([MarkSchemeID], [Index], [Answer], [QuestionGroupID]) VALUES (1094, 14, N'A', 1017)
INSERT INTO [dbo].[MarkScheme] ([MarkSchemeID], [Index], [Answer], [QuestionGroupID]) VALUES (1095, 15, N'C', 1017)
INSERT INTO [dbo].[MarkScheme] ([MarkSchemeID], [Index], [Answer], [QuestionGroupID]) VALUES (1096, 16, N'B', 1018)
INSERT INTO [dbo].[MarkScheme] ([MarkSchemeID], [Index], [Answer], [QuestionGroupID]) VALUES (1097, 17, N'C', 1018)
INSERT INTO [dbo].[MarkScheme] ([MarkSchemeID], [Index], [Answer], [QuestionGroupID]) VALUES (1098, 18, N'D', 1018)
INSERT INTO [dbo].[MarkScheme] ([MarkSchemeID], [Index], [Answer], [QuestionGroupID]) VALUES (1099, 19, N'D', 1018)
INSERT INTO [dbo].[MarkScheme] ([MarkSchemeID], [Index], [Answer], [QuestionGroupID]) VALUES (1100, 20, N'A', 1018)
INSERT INTO [dbo].[MarkScheme] ([MarkSchemeID], [Index], [Answer], [QuestionGroupID]) VALUES (1101, 21, N'C', 1019)
INSERT INTO [dbo].[MarkScheme] ([MarkSchemeID], [Index], [Answer], [QuestionGroupID]) VALUES (1102, 22, N'A', 1019)
INSERT INTO [dbo].[MarkScheme] ([MarkSchemeID], [Index], [Answer], [QuestionGroupID]) VALUES (1103, 23, N'A', 1019)
INSERT INTO [dbo].[MarkScheme] ([MarkSchemeID], [Index], [Answer], [QuestionGroupID]) VALUES (1104, 24, N'B', 1019)
INSERT INTO [dbo].[MarkScheme] ([MarkSchemeID], [Index], [Answer], [QuestionGroupID]) VALUES (1105, 25, N'B', 1019)
INSERT INTO [dbo].[MarkScheme] ([MarkSchemeID], [Index], [Answer], [QuestionGroupID]) VALUES (1106, 26, N'E', 1020)
INSERT INTO [dbo].[MarkScheme] ([MarkSchemeID], [Index], [Answer], [QuestionGroupID]) VALUES (1107, 27, N'D', 1020)
INSERT INTO [dbo].[MarkScheme] ([MarkSchemeID], [Index], [Answer], [QuestionGroupID]) VALUES (1108, 28, N'A', 1020)
INSERT INTO [dbo].[MarkScheme] ([MarkSchemeID], [Index], [Answer], [QuestionGroupID]) VALUES (1109, 29, N'G', 1020)
INSERT INTO [dbo].[MarkScheme] ([MarkSchemeID], [Index], [Answer], [QuestionGroupID]) VALUES (1110, 30, N'C', 1020)
INSERT INTO [dbo].[MarkScheme] ([MarkSchemeID], [Index], [Answer], [QuestionGroupID]) VALUES (1111, 31, N'achievement/achievements', 1021)
INSERT INTO [dbo].[MarkScheme] ([MarkSchemeID], [Index], [Answer], [QuestionGroupID]) VALUES (1112, 32, N'personality/character', 1021)
INSERT INTO [dbo].[MarkScheme] ([MarkSchemeID], [Index], [Answer], [QuestionGroupID]) VALUES (1113, 33, N'situational', 1021)
INSERT INTO [dbo].[MarkScheme] ([MarkSchemeID], [Index], [Answer], [QuestionGroupID]) VALUES (1114, 34, N'friend', 1021)
INSERT INTO [dbo].[MarkScheme] ([MarkSchemeID], [Index], [Answer], [QuestionGroupID]) VALUES (1115, 35, N'aspirations/ambitions', 1021)
INSERT INTO [dbo].[MarkScheme] ([MarkSchemeID], [Index], [Answer], [QuestionGroupID]) VALUES (1116, 36, N'style', 1021)
INSERT INTO [dbo].[MarkScheme] ([MarkSchemeID], [Index], [Answer], [QuestionGroupID]) VALUES (1117, 37, N'development', 1021)
INSERT INTO [dbo].[MarkScheme] ([MarkSchemeID], [Index], [Answer], [QuestionGroupID]) VALUES (1118, 38, N'vision', 1021)
INSERT INTO [dbo].[MarkScheme] ([MarkSchemeID], [Index], [Answer], [QuestionGroupID]) VALUES (1119, 39, N'structures', 1021)
INSERT INTO [dbo].[MarkScheme] ([MarkSchemeID], [Index], [Answer], [QuestionGroupID]) VALUES (1120, 40, N'innovation/innovations', 1021)

INSERT INTO [dbo].[MarkScheme] ([MarkSchemeID], [Index], [Answer], [QuestionGroupID]) VALUES (1121, 1,  N'Pargetter', 1022)
INSERT INTO [dbo].[MarkScheme] ([MarkSchemeID], [Index], [Answer], [QuestionGroupID]) VALUES (1122, 2,  N'East', 1022)
INSERT INTO [dbo].[MarkScheme] ([MarkSchemeID], [Index], [Answer], [QuestionGroupID]) VALUES (1123, 3,  N'library', 1022)
INSERT INTO [dbo].[MarkScheme] ([MarkSchemeID], [Index], [Answer], [QuestionGroupID]) VALUES (1124, 4,  N'morning/mornings', 1022)
INSERT INTO [dbo].[MarkScheme] ([MarkSchemeID], [Index], [Answer], [QuestionGroupID]) VALUES (1125, 5,  N'postbox', 1022)
INSERT INTO [dbo].[MarkScheme] ([MarkSchemeID], [Index], [Answer], [QuestionGroupID]) VALUES (1126, 6,  N'prices', 1022)
INSERT INTO [dbo].[MarkScheme] ([MarkSchemeID], [Index], [Answer], [QuestionGroupID]) VALUES (1127, 7,  N'glass', 1023)
INSERT INTO [dbo].[MarkScheme] ([MarkSchemeID], [Index], [Answer], [QuestionGroupID]) VALUES (1128, 8,  N'cooker', 1023)
INSERT INTO [dbo].[MarkScheme] ([MarkSchemeID], [Index], [Answer], [QuestionGroupID]) VALUES (1129, 9,  N'week', 1023)
INSERT INTO [dbo].[MarkScheme] ([MarkSchemeID], [Index], [Answer], [QuestionGroupID]) VALUES (1130, 10, N' fence', 1023)
INSERT INTO [dbo].[MarkScheme] ([MarkSchemeID], [Index], [Answer], [QuestionGroupID]) VALUES (1131, 11, N'B', 1024)
INSERT INTO [dbo].[MarkScheme] ([MarkSchemeID], [Index], [Answer], [QuestionGroupID]) VALUES (1132, 12, N'B', 1024)
INSERT INTO [dbo].[MarkScheme] ([MarkSchemeID], [Index], [Answer], [QuestionGroupID]) VALUES (1133, 13, N'A', 1024)
INSERT INTO [dbo].[MarkScheme] ([MarkSchemeID], [Index], [Answer], [QuestionGroupID]) VALUES (1134, 14, N'A', 1024)
INSERT INTO [dbo].[MarkScheme] ([MarkSchemeID], [Index], [Answer], [QuestionGroupID]) VALUES (1135, 15, N'C', 1024)
INSERT INTO [dbo].[MarkScheme] ([MarkSchemeID], [Index], [Answer], [QuestionGroupID]) VALUES (1136, 16, N'trains', 1025)
INSERT INTO [dbo].[MarkScheme] ([MarkSchemeID], [Index], [Answer], [QuestionGroupID]) VALUES (1137, 17, N'dark', 1025)
INSERT INTO [dbo].[MarkScheme] ([MarkSchemeID], [Index], [Answer], [QuestionGroupID]) VALUES (1138, 18, N'games', 1025)
INSERT INTO [dbo].[MarkScheme] ([MarkSchemeID], [Index], [Answer], [QuestionGroupID]) VALUES (1139, 19, N'guided tour', 1025)
INSERT INTO [dbo].[MarkScheme] ([MarkSchemeID], [Index], [Answer], [QuestionGroupID]) VALUES (1140, 20, N'ladder/ladders', 1025)
INSERT INTO [dbo].[MarkScheme] ([MarkSchemeID], [Index], [Answer], [QuestionGroupID]) VALUES (1141, 21, N'A/E', 1026)
INSERT INTO [dbo].[MarkScheme] ([MarkSchemeID], [Index], [Answer], [QuestionGroupID]) VALUES (1142, 22, N'A/E', 1026)
INSERT INTO [dbo].[MarkScheme] ([MarkSchemeID], [Index], [Answer], [QuestionGroupID]) VALUES (1143, 23, N'В/C', 1027)
INSERT INTO [dbo].[MarkScheme] ([MarkSchemeID], [Index], [Answer], [QuestionGroupID]) VALUES (1144, 24, N'В/C', 1027)
INSERT INTO [dbo].[MarkScheme] ([MarkSchemeID], [Index], [Answer], [QuestionGroupID]) VALUES (1145, 25, N'D', 1028)
INSERT INTO [dbo].[MarkScheme] ([MarkSchemeID], [Index], [Answer], [QuestionGroupID]) VALUES (1146, 26, N'F', 1028)
INSERT INTO [dbo].[MarkScheme] ([MarkSchemeID], [Index], [Answer], [QuestionGroupID]) VALUES (1147, 27, N'G', 1028)
INSERT INTO [dbo].[MarkScheme] ([MarkSchemeID], [Index], [Answer], [QuestionGroupID]) VALUES (1148, 28, N'B', 1028)
INSERT INTO [dbo].[MarkScheme] ([MarkSchemeID], [Index], [Answer], [QuestionGroupID]) VALUES (1149, 29, N'E', 1028)
INSERT INTO [dbo].[MarkScheme] ([MarkSchemeID], [Index], [Answer], [QuestionGroupID]) VALUES (1150, 30, N'C', 1028)
INSERT INTO [dbo].[MarkScheme] ([MarkSchemeID], [Index], [Answer], [QuestionGroupID]) VALUES (1151, 31, N'C', 1029)
INSERT INTO [dbo].[MarkScheme] ([MarkSchemeID], [Index], [Answer], [QuestionGroupID]) VALUES (1152, 32, N'B', 1029)
INSERT INTO [dbo].[MarkScheme] ([MarkSchemeID], [Index], [Answer], [QuestionGroupID]) VALUES (1153, 33, N'C', 1029)
INSERT INTO [dbo].[MarkScheme] ([MarkSchemeID], [Index], [Answer], [QuestionGroupID]) VALUES (1154, 34, N'metal/metals', 1030)
INSERT INTO [dbo].[MarkScheme] ([MarkSchemeID], [Index], [Answer], [QuestionGroupID]) VALUES (1155, 35, N'space', 1030)
INSERT INTO [dbo].[MarkScheme] ([MarkSchemeID], [Index], [Answer], [QuestionGroupID]) VALUES (1156, 36, N'memory', 1030)
INSERT INTO [dbo].[MarkScheme] ([MarkSchemeID], [Index], [Answer], [QuestionGroupID]) VALUES (1157, 37, N'solar', 1030)
INSERT INTO [dbo].[MarkScheme] ([MarkSchemeID], [Index], [Answer], [QuestionGroupID]) VALUES (1158, 38, N'oil', 1030)
INSERT INTO [dbo].[MarkScheme] ([MarkSchemeID], [Index], [Answer], [QuestionGroupID]) VALUES (1159, 39, N'waste', 1030)
INSERT INTO [dbo].[MarkScheme] ([MarkSchemeID], [Index], [Answer], [QuestionGroupID]) VALUES (1160, 40, N'tests', 1030)


SET IDENTITY_INSERT [dbo].[MarkScheme] OFF

