-- INSERT RECORDING --
DBCC CHECKIDENT ('[Recording]', RESEED, 0);
GO

SET IDENTITY_INSERT [dbo].[Recording] ON
INSERT INTO [dbo].[Recording] ([RecordingId], [Part], [AudioURL], [Available], [Title], [ExaminerID]) VALUES (1001, 1, N'IELTS-Listening-Test-1-Section-1.mp3', 1, N'Car Tours in the USA', N'3865caf8-f86c-4b64-be4d-860929ee7e72')
INSERT INTO [dbo].[Recording] ([RecordingId], [Part], [AudioURL], [Available], [Title], [ExaminerID]) VALUES (1002, 2, N'IELTS-Listening-Test-1-Section-2.mp3', 1, N'Leisure club', N'3865caf8-f86c-4b64-be4d-860929ee7e72')
INSERT INTO [dbo].[Recording] ([RecordingId], [Part], [AudioURL], [Available], [Title], [ExaminerID]) VALUES (1003, 3, N'IELTS-Listening-Test-1-Section-3.mp3', 1, N'Global Design Competition', N'3865caf8-f86c-4b64-be4d-860929ee7e72')
INSERT INTO [dbo].[Recording] ([RecordingId], [Part], [AudioURL], [Available], [Title], [ExaminerID]) VALUES (1004, 4, N'IELTS-Listening-Test-1-Section-4.mp3', 1, N'The Sprit Bar', N'3865caf8-f86c-4b64-be4d-860929ee7e72')
INSERT INTO [dbo].[Recording] ([RecordingId], [Part], [AudioURL], [Available], [Title], [ExaminerID]) VALUES (1005, 1, N'IELTS-Listening-Test-2-Section-1.mp3', 1, N'Transport Survey', N'3865caf8-f86c-4b64-be4d-860929ee7e72')
INSERT INTO [dbo].[Recording] ([RecordingId], [Part], [AudioURL], [Available], [Title], [ExaminerID]) VALUES (1006, 2, N'IELTS-Listening-Test-2-Section-2.mp3', 1, N'New City Developments', N'3865caf8-f86c-4b64-be4d-860929ee7e72')
INSERT INTO [dbo].[Recording] ([RecordingId], [Part], [AudioURL], [Available], [Title], [ExaminerID]) VALUES (1007, 3, N'IELTS-Listening-Test-2-Section-3.mp3', 1, N'The Later Life of Thor Heyerdahl', N'3865caf8-f86c-4b64-be4d-860929ee7e72')
INSERT INTO [dbo].[Recording] ([RecordingId], [Part], [AudioURL], [Available], [Title], [ExaminerID]) VALUES (1008, 4, N'IELTS-Listening-Test-2-Section-4.mp3', 1, N'The Future of Management', N'3865caf8-f86c-4b64-be4d-860929ee7e72')
INSERT INTO [dbo].[Recording] ([RecordingId], [Part], [AudioURL], [Available], [Title], [ExaminerID]) VALUES (1009, 1, N'IELTS-Listening-Test-3-Section-1.mp3', 1, N'Early Learning Childcare Centre', N'3865caf8-f86c-4b64-be4d-860929ee7e72')
INSERT INTO [dbo].[Recording] ([RecordingId], [Part], [AudioURL], [Available], [Title], [ExaminerID]) VALUES (1010, 2, N'IELTS-Listening-Test-3-Section-2.mp3', 1, N'The Dolphin Conservation Trust', N'3865caf8-f86c-4b64-be4d-860929ee7e72')
INSERT INTO [dbo].[Recording] ([RecordingId], [Part], [AudioURL], [Available], [Title], [ExaminerID]) VALUES (1011, 3, N'IELTS-Listening-Test-3-Section-3.mp3', 1, N'Theatre Studies Course', N'3865caf8-f86c-4b64-be4d-860929ee7e72')
INSERT INTO [dbo].[Recording] ([RecordingId], [Part], [AudioURL], [Available], [Title], [ExaminerID]) VALUES (1012, 4, N'IELTS-Listening-Test-3-Section-4.mp3', 1, N'Self-regulatory focus theory and leadership', N'3865caf8-f86c-4b64-be4d-860929ee7e72')
INSERT INTO [dbo].[Recording] ([RecordingId], [Part], [AudioURL], [Available], [Title], [ExaminerID]) VALUES (1013, 1, N'IELTS-Listening-Test-4-Section-1.mp3', 1, N'Thorndyke’s Builders', N'3865caf8-f86c-4b64-be4d-860929ee7e72')
INSERT INTO [dbo].[Recording] ([RecordingId], [Part], [AudioURL], [Available], [Title], [ExaminerID]) VALUES (1014, 2, N'IELTS-Listening-Test-4-Section-2.mp3', 1, N'Manham Port', N'3865caf8-f86c-4b64-be4d-860929ee7e72')
INSERT INTO [dbo].[Recording] ([RecordingId], [Part], [AudioURL], [Available], [Title], [ExaminerID]) VALUES (1015, 3, N'IELTS-Listening-Test-4-Section-3.mp3', 1, N'Work placement', N'3865caf8-f86c-4b64-be4d-860929ee7e72')
INSERT INTO [dbo].[Recording] ([RecordingId], [Part], [AudioURL], [Available], [Title], [ExaminerID]) VALUES (1016, 4, N'IELTS-Listening-Test-4-Section-4.mp3', 1, N'Nanotechnology: technology on a small scale', N'3865caf8-f86c-4b64-be4d-860929ee7e72')
SET IDENTITY_INSERT [dbo].[Recording] OFF


-- INSERT QUESTIONGROUP --
DBCC CHECKIDENT ('[QuestionGroup]', RESEED, 0);
GO

SET IDENTITY_INSERT [dbo].[QuestionGroup] ON
INSERT INTO [dbo].[QuestionGroup] ([QuestionGroupId], [TaskType], [QuestionGroupURL], [RecordingID], [QuestionNoEnd], [QuestionNoStart]) VALUES (1001, 4, N'Storage\QuestionsText\Part1\16bea4fc-fec0-4ca8-85bf-be88143e33a0_1017_1_1_To_6.html', 1001, 6, 1)
INSERT INTO [dbo].[QuestionGroup] ([QuestionGroupId], [TaskType], [QuestionGroupURL], [RecordingID], [QuestionNoEnd], [QuestionNoStart]) VALUES (1002, 4, N'Storage\QuestionsText\Part1\5ebbdf18-9aa6-4dad-9b53-b6ec219760d3_1017_1_7_To_10.html', 1001, 10, 7)
INSERT INTO [dbo].[QuestionGroup] ([QuestionGroupId], [TaskType], [QuestionGroupURL], [RecordingID], [QuestionNoEnd], [QuestionNoStart]) VALUES (1003, 1, N'Storage\QuestionsText\Part2\fa345365-4a1b-45af-9ef9-a7d9a1e7da7c_1018_2_11_To_12.html', 1002, 12, 11)
INSERT INTO [dbo].[QuestionGroup] ([QuestionGroupId], [TaskType], [QuestionGroupURL], [RecordingID], [QuestionNoEnd], [QuestionNoStart]) VALUES (1004, 5, N'Storage\QuestionsText\Part2\2a3f4282-5f56-4cd6-bf73-4ce323327d0d_1018_2_13_To_20.html', 1002, 20, 13)
INSERT INTO [dbo].[QuestionGroup] ([QuestionGroupId], [TaskType], [QuestionGroupURL], [RecordingID], [QuestionNoEnd], [QuestionNoStart]) VALUES (1005, 1, N'Storage\QuestionsText\Part3\b894f384-185c-43c5-8db5-dab6909f380b_1019_3_21_To_25.html', 1003, 25, 21)
INSERT INTO [dbo].[QuestionGroup] ([QuestionGroupId], [TaskType], [QuestionGroupURL], [RecordingID], [QuestionNoEnd], [QuestionNoStart]) VALUES (1006, 4, N'Storage\QuestionsText\Part3\83c259ee-c691-4743-9b1b-6a05a6bf910a_1019_3_26_To_30.html', 1003, 30, 26)
INSERT INTO [dbo].[QuestionGroup] ([QuestionGroupId], [TaskType], [QuestionGroupURL], [RecordingID], [QuestionNoEnd], [QuestionNoStart]) VALUES (1007, 6, N'Storage\QuestionsText\Part4\1694bd97-c499-4985-82e4-147265668310_1021_4_31_To_40.html', 1004, 40, 31)
INSERT INTO [dbo].[QuestionGroup] ([QuestionGroupId], [TaskType], [QuestionGroupURL], [RecordingID], [QuestionNoEnd], [QuestionNoStart]) VALUES (1008, 4, N'Storage\QuestionsText\Part1\d2d56cf3-c400-4cee-8994-ffe7b062b9a1_1022_1_1_To_10.html', 1005, 10, 1)
INSERT INTO [dbo].[QuestionGroup] ([QuestionGroupId], [TaskType], [QuestionGroupURL], [RecordingID], [QuestionNoEnd], [QuestionNoStart]) VALUES (1009, 1, N'Storage\QuestionsText\Part2\eb83413b-cc53-4ae0-986f-948446f12f37_1023_2_11_To_14.html', 1006, 14, 11)
INSERT INTO [dbo].[QuestionGroup] ([QuestionGroupId], [TaskType], [QuestionGroupURL], [RecordingID], [QuestionNoEnd], [QuestionNoStart]) VALUES (1010, 2, N'Storage\QuestionsText\Part2\81fe88c4-0626-49a5-85b7-9bf95c042313_1023_2_15_To_20.html', 1006, 20, 15)
INSERT INTO [dbo].[QuestionGroup] ([QuestionGroupId], [TaskType], [QuestionGroupURL], [RecordingID], [QuestionNoEnd], [QuestionNoStart]) VALUES (1011, 1, N'Storage\QuestionsText\Part3\6c357aff-3fcc-40ea-8f7d-918128af17d8_1024_3_21_To_22.html', 1007, 22, 21)
INSERT INTO [dbo].[QuestionGroup] ([QuestionGroupId], [TaskType], [QuestionGroupURL], [RecordingID], [QuestionNoEnd], [QuestionNoStart]) VALUES (1012, 1, N'Storage\QuestionsText\Part3\be900106-77a5-4ada-93f9-271c6763cc39_1024_3_23_To_24.html', 1007, 24, 23)
INSERT INTO [dbo].[QuestionGroup] ([QuestionGroupId], [TaskType], [QuestionGroupURL], [RecordingID], [QuestionNoEnd], [QuestionNoStart]) VALUES (1013, 1, N'Storage\QuestionsText\Part3\42c8d012-5f27-4844-b9b3-cc7754db58c1_1024_3_25_To_30.html', 1007, 30, 25)
INSERT INTO [dbo].[QuestionGroup] ([QuestionGroupId], [TaskType], [QuestionGroupURL], [RecordingID], [QuestionNoEnd], [QuestionNoStart]) VALUES (1014, 4, N'Storage\QuestionsText\Part4\27ccd887-3d3c-4eb3-9ce2-bc09c4306579_1025_4_31_To_40.html', 1008, 40, 31)
INSERT INTO [dbo].[QuestionGroup] ([QuestionGroupId], [TaskType], [QuestionGroupURL], [RecordingID], [QuestionNoEnd], [QuestionNoStart]) VALUES (1015, 4, N'Storage\QuestionsText\Part1\e1cbb171-9b88-42d5-a3b0-8d0ca417bf62_1026_1_1_To_10.html', 1009, 10, 1)
INSERT INTO [dbo].[QuestionGroup] ([QuestionGroupId], [TaskType], [QuestionGroupURL], [RecordingID], [QuestionNoEnd], [QuestionNoStart]) VALUES (1016, 1, N'Storage\QuestionsText\Part2\ba3a437a-7ab7-406b-968d-61111e805100_1027_2_11_To_12.html', 1010, 12, 11)
INSERT INTO [dbo].[QuestionGroup] ([QuestionGroupId], [TaskType], [QuestionGroupURL], [RecordingID], [QuestionNoEnd], [QuestionNoStart]) VALUES (1017, 1, N'Storage\QuestionsText\Part2\a7f74fdd-20f1-49bb-bcda-9097fb74b7c8_1027_2_13_To_15.html', 1010, 15, 13)
INSERT INTO [dbo].[QuestionGroup] ([QuestionGroupId], [TaskType], [QuestionGroupURL], [RecordingID], [QuestionNoEnd], [QuestionNoStart]) VALUES (1018, 2, N'Storage\QuestionsText\Part2\cb5b928b-fb04-4740-9ec2-5f3744d4c399_1027_2_16_To_20.html', 1010, 20, 16)
INSERT INTO [dbo].[QuestionGroup] ([QuestionGroupId], [TaskType], [QuestionGroupURL], [RecordingID], [QuestionNoEnd], [QuestionNoStart]) VALUES (1019, 1, N'Storage\QuestionsText\Part3\2fbae4a6-bd10-48fc-8feb-7ef567ae64d7_1028_3_21_To_25.html', 1011, 25, 21)
INSERT INTO [dbo].[QuestionGroup] ([QuestionGroupId], [TaskType], [QuestionGroupURL], [RecordingID], [QuestionNoEnd], [QuestionNoStart]) VALUES (1020, 2, N'Storage\QuestionsText\Part3\9a1c2c58-de53-4d25-9eb6-538710d14b38_1028_3_26_To_30.html', 1011, 30, 26)
INSERT INTO [dbo].[QuestionGroup] ([QuestionGroupId], [TaskType], [QuestionGroupURL], [RecordingID], [QuestionNoEnd], [QuestionNoStart]) VALUES (1021, 4, N'Storage\QuestionsText\Part4\352ed94f-67da-4ab4-8243-bc69f103ae4f_1029_4_31_To_32.html', 1012, 40, 31)
INSERT INTO [dbo].[QuestionGroup] ([QuestionGroupId], [TaskType], [QuestionGroupURL], [RecordingID], [QuestionNoEnd], [QuestionNoStart]) VALUES (1022, 4, N'Storage\QuestionsText\Part1\e4a0469d-6c0e-4daf-b1a6-20e5a67ab625_1030_1_1_To_6.html', 1013, 6, 1)
INSERT INTO [dbo].[QuestionGroup] ([QuestionGroupId], [TaskType], [QuestionGroupURL], [RecordingID], [QuestionNoEnd], [QuestionNoStart]) VALUES (1023, 4, N'Storage\QuestionsText\Part1\1fde92f6-bcdd-4fca-8cc3-15ae2652b96e_1030_1_7_To_10.html', 1013, 10, 7)
INSERT INTO [dbo].[QuestionGroup] ([QuestionGroupId], [TaskType], [QuestionGroupURL], [RecordingID], [QuestionNoEnd], [QuestionNoStart]) VALUES (1024, 1, N'Storage\QuestionsText\Part2\af34f42d-3811-41a6-9576-5ad8f30d5274_1031_2_11_To_15.html', 1014, 15, 11)
INSERT INTO [dbo].[QuestionGroup] ([QuestionGroupId], [TaskType], [QuestionGroupURL], [RecordingID], [QuestionNoEnd], [QuestionNoStart]) VALUES (1025, 4, N'Storage\QuestionsText\Part2\a0e31cf9-4c53-46d1-aada-4bde4e9bb62f_1031_2_16_To_20.html', 1014, 20, 16)
INSERT INTO [dbo].[QuestionGroup] ([QuestionGroupId], [TaskType], [QuestionGroupURL], [RecordingID], [QuestionNoEnd], [QuestionNoStart]) VALUES (1026, 1, N'Storage\QuestionsText\Part3\3fa7586d-6d20-441a-ae87-c71810da637d_1032_3_21_To_22.html', 1015, 22, 21)
INSERT INTO [dbo].[QuestionGroup] ([QuestionGroupId], [TaskType], [QuestionGroupURL], [RecordingID], [QuestionNoEnd], [QuestionNoStart]) VALUES (1027, 1, N'Storage\QuestionsText\Part3\aa1a22d4-72eb-41ae-bc7f-7012bc213fef_1032_3_23_To_24.html', 1015, 24, 23)
INSERT INTO [dbo].[QuestionGroup] ([QuestionGroupId], [TaskType], [QuestionGroupURL], [RecordingID], [QuestionNoEnd], [QuestionNoStart]) VALUES (1028, 2, N'Storage\QuestionsText\Part3\45f9831d-aefd-45b4-a6cc-e96e5d526549_1032_3_25_To_30.html', 1015, 30, 25)
INSERT INTO [dbo].[QuestionGroup] ([QuestionGroupId], [TaskType], [QuestionGroupURL], [RecordingID], [QuestionNoEnd], [QuestionNoStart]) VALUES (1029, 1, N'Storage\QuestionsText\Part4\b2ea3b57-7796-411b-a0f4-88a67afd1da6_1033_4_31_To_33.html', 1016, 33, 31)
INSERT INTO [dbo].[QuestionGroup] ([QuestionGroupId], [TaskType], [QuestionGroupURL], [RecordingID], [QuestionNoEnd], [QuestionNoStart]) VALUES (1030, 4, N'Storage\QuestionsText\Part4\5981176b-5f02-4711-8975-164dbecdcab8_1033_4_34_To_40.html', 1016, 40, 34)
SET IDENTITY_INSERT [dbo].[QuestionGroup] OFF


-- INSERT MARKSCHEME --
DBCC CHECKIDENT ('[MarkScheme]', RESEED, 0);
GO

SET IDENTITY_INSERT [dbo].[MarkScheme] ON
INSERT INTO [dbo].[MarkScheme] ([MarkSchemeID], [Index], [Answer], [QuestionGroupID]) VALUES (1001, 1, N'Ardleigh', 1001)
INSERT INTO [dbo].[MarkScheme] ([MarkSchemeID], [Index], [Answer], [QuestionGroupID]) VALUES (1002, 2, N'newspaper', 1001)
INSERT INTO [dbo].[MarkScheme] ([MarkSchemeID], [Index], [Answer], [QuestionGroupID]) VALUES (1003, 3, N'theme', 1001)
INSERT INTO [dbo].[MarkScheme] ([MarkSchemeID], [Index], [Answer], [QuestionGroupID]) VALUES (1004, 4, N'tent', 1001)
INSERT INTO [dbo].[MarkScheme] ([MarkSchemeID], [Index], [Answer], [QuestionGroupID]) VALUES (1005, 5, N'castle', 1001)
INSERT INTO [dbo].[MarkScheme] ([MarkSchemeID], [Index], [Answer], [QuestionGroupID]) VALUES (1006, 6, N'beach/beaches', 1001)
INSERT INTO [dbo].[MarkScheme] ([MarkSchemeID], [Index], [Answer], [QuestionGroupID]) VALUES (1007, 7, N'2020', 1002)
INSERT INTO [dbo].[MarkScheme] ([MarkSchemeID], [Index], [Answer], [QuestionGroupID]) VALUES (1008, 8, N'flight', 1002)
INSERT INTO [dbo].[MarkScheme] ([MarkSchemeID], [Index], [Answer], [QuestionGroupID]) VALUES (1009, 9, N'429', 1002)
INSERT INTO [dbo].[MarkScheme] ([MarkSchemeID], [Index], [Answer], [QuestionGroupID]) VALUES (1010, 10, N'dinner', 1002)
INSERT INTO [dbo].[MarkScheme] ([MarkSchemeID], [Index], [Answer], [QuestionGroupID]) VALUES (1011, 11, N'A/C', 1003)
INSERT INTO [dbo].[MarkScheme] ([MarkSchemeID], [Index], [Answer], [QuestionGroupID]) VALUES (1012, 12, N'A/C', 1003)
INSERT INTO [dbo].[MarkScheme] ([MarkSchemeID], [Index], [Answer], [QuestionGroupID]) VALUES (1013, 13, N'health problems', 1004)
INSERT INTO [dbo].[MarkScheme] ([MarkSchemeID], [Index], [Answer], [QuestionGroupID]) VALUES (1014, 14, N'safety rules', 1004)
INSERT INTO [dbo].[MarkScheme] ([MarkSchemeID], [Index], [Answer], [QuestionGroupID]) VALUES (1015, 15, N'plan', 1004)
INSERT INTO [dbo].[MarkScheme] ([MarkSchemeID], [Index], [Answer], [QuestionGroupID]) VALUES (1016, 16, N'joining', 1004)
INSERT INTO [dbo].[MarkScheme] ([MarkSchemeID], [Index], [Answer], [QuestionGroupID]) VALUES (1017, 17, N'free entry', 1004)
INSERT INTO [dbo].[MarkScheme] ([MarkSchemeID], [Index], [Answer], [QuestionGroupID]) VALUES (1018, 18, N'peak', 1004)
INSERT INTO [dbo].[MarkScheme] ([MarkSchemeID], [Index], [Answer], [QuestionGroupID]) VALUES (1019, 19, N'guests', 1004)
INSERT INTO [dbo].[MarkScheme] ([MarkSchemeID], [Index], [Answer], [QuestionGroupID]) VALUES (1020, 20, N'photo card/photo cards', 1004)
INSERT INTO [dbo].[MarkScheme] ([MarkSchemeID], [Index], [Answer], [QuestionGroupID]) VALUES (1021, 21, N'C', 1005)
INSERT INTO [dbo].[MarkScheme] ([MarkSchemeID], [Index], [Answer], [QuestionGroupID]) VALUES (1022, 22, N'A', 1005)
INSERT INTO [dbo].[MarkScheme] ([MarkSchemeID], [Index], [Answer], [QuestionGroupID]) VALUES (1023, 23, N'B', 1005)
INSERT INTO [dbo].[MarkScheme] ([MarkSchemeID], [Index], [Answer], [QuestionGroupID]) VALUES (1024, 24, N'A', 1005)
INSERT INTO [dbo].[MarkScheme] ([MarkSchemeID], [Index], [Answer], [QuestionGroupID]) VALUES (1025, 25, N'C', 1005)
INSERT INTO [dbo].[MarkScheme] ([MarkSchemeID], [Index], [Answer], [QuestionGroupID]) VALUES (1026, 26, N'presentation', 1006)
INSERT INTO [dbo].[MarkScheme] ([MarkSchemeID], [Index], [Answer], [QuestionGroupID]) VALUES (1027, 27, N'model', 1006)
INSERT INTO [dbo].[MarkScheme] ([MarkSchemeID], [Index], [Answer], [QuestionGroupID]) VALUES (1028, 28, N'material/materials', 1006)
INSERT INTO [dbo].[MarkScheme] ([MarkSchemeID], [Index], [Answer], [QuestionGroupID]) VALUES (1029, 29, N'grant', 1006)
INSERT INTO [dbo].[MarkScheme] ([MarkSchemeID], [Index], [Answer], [QuestionGroupID]) VALUES (1030, 30, N'technical', 1006)
INSERT INTO [dbo].[MarkScheme] ([MarkSchemeID], [Index], [Answer], [QuestionGroupID]) VALUES (1031, 31, N'gene', 1007)
INSERT INTO [dbo].[MarkScheme] ([MarkSchemeID], [Index], [Answer], [QuestionGroupID]) VALUES (1032, 32, N'power/powers', 1007)
INSERT INTO [dbo].[MarkScheme] ([MarkSchemeID], [Index], [Answer], [QuestionGroupID]) VALUES (1033, 33, N'strangers', 1007)
INSERT INTO [dbo].[MarkScheme] ([MarkSchemeID], [Index], [Answer], [QuestionGroupID]) VALUES (1034, 34, N'erosion', 1007)
INSERT INTO [dbo].[MarkScheme] ([MarkSchemeID], [Index], [Answer], [QuestionGroupID]) VALUES (1035, 35, N'islands', 1007)
INSERT INTO [dbo].[MarkScheme] ([MarkSchemeID], [Index], [Answer], [QuestionGroupID]) VALUES (1036, 36, N'roads', 1007)
INSERT INTO [dbo].[MarkScheme] ([MarkSchemeID], [Index], [Answer], [QuestionGroupID]) VALUES (1037, 37, N'fishing', 1007)
INSERT INTO [dbo].[MarkScheme] ([MarkSchemeID], [Index], [Answer], [QuestionGroupID]) VALUES (1038, 38, N'reproduction', 1007)
INSERT INTO [dbo].[MarkScheme] ([MarkSchemeID], [Index], [Answer], [QuestionGroupID]) VALUES (1039, 39, N'method/methods', 1007)
INSERT INTO [dbo].[MarkScheme] ([MarkSchemeID], [Index], [Answer], [QuestionGroupID]) VALUES (1040, 40, N'expansion', 1007)

INSERT INTO [dbo].[MarkScheme] ([MarkSchemeID], [Index], [Answer], [QuestionGroupID]) VALUES (1041, 1,  N'Hardie', 1008)
INSERT INTO [dbo].[MarkScheme] ([MarkSchemeID], [Index], [Answer], [QuestionGroupID]) VALUES (1042, 2,  N'19', 1008)
INSERT INTO [dbo].[MarkScheme] ([MarkSchemeID], [Index], [Answer], [QuestionGroupID]) VALUES (1043, 3,  N'GT82LC', 1008)
INSERT INTO [dbo].[MarkScheme] ([MarkSchemeID], [Index], [Answer], [QuestionGroupID]) VALUES (1044, 4,  N'hairdresser', 1008)
INSERT INTO [dbo].[MarkScheme] ([MarkSchemeID], [Index], [Answer], [QuestionGroupID]) VALUES (1045, 5,  N'dentist/dentist’s', 1008)
INSERT INTO [dbo].[MarkScheme] ([MarkSchemeID], [Index], [Answer], [QuestionGroupID]) VALUES (1046, 6,  N'lighting', 1008)
INSERT INTO [dbo].[MarkScheme] ([MarkSchemeID], [Index], [Answer], [QuestionGroupID]) VALUES (1047, 7,  N'trains', 1008)
INSERT INTO [dbo].[MarkScheme] ([MarkSchemeID], [Index], [Answer], [QuestionGroupID]) VALUES (1048, 8,  N'safe', 1008)
INSERT INTO [dbo].[MarkScheme] ([MarkSchemeID], [Index], [Answer], [QuestionGroupID]) VALUES (1049, 9,  N' shower', 1008)
INSERT INTO [dbo].[MarkScheme] ([MarkSchemeID], [Index], [Answer], [QuestionGroupID]) VALUES (1050, 10, N' training', 1008)
INSERT INTO [dbo].[MarkScheme] ([MarkSchemeID], [Index], [Answer], [QuestionGroupID]) VALUES (1051, 11, N'A', 1009)
INSERT INTO [dbo].[MarkScheme] ([MarkSchemeID], [Index], [Answer], [QuestionGroupID]) VALUES (1052, 12, N'C', 1009)
INSERT INTO [dbo].[MarkScheme] ([MarkSchemeID], [Index], [Answer], [QuestionGroupID]) VALUES (1053, 13, N'C', 1009)
INSERT INTO [dbo].[MarkScheme] ([MarkSchemeID], [Index], [Answer], [QuestionGroupID]) VALUES (1054, 14, N'A', 1009)
INSERT INTO [dbo].[MarkScheme] ([MarkSchemeID], [Index], [Answer], [QuestionGroupID]) VALUES (1055, 15, N'E', 1010)
INSERT INTO [dbo].[MarkScheme] ([MarkSchemeID], [Index], [Answer], [QuestionGroupID]) VALUES (1056, 16, N'F', 1010)
INSERT INTO [dbo].[MarkScheme] ([MarkSchemeID], [Index], [Answer], [QuestionGroupID]) VALUES (1057, 17, N'D', 1010)
INSERT INTO [dbo].[MarkScheme] ([MarkSchemeID], [Index], [Answer], [QuestionGroupID]) VALUES (1058, 18, N'H', 1010)
INSERT INTO [dbo].[MarkScheme] ([MarkSchemeID], [Index], [Answer], [QuestionGroupID]) VALUES (1059, 19, N'A', 1010)
INSERT INTO [dbo].[MarkScheme] ([MarkSchemeID], [Index], [Answer], [QuestionGroupID]) VALUES (1060, 20, N'B', 1010)
INSERT INTO [dbo].[MarkScheme] ([MarkSchemeID], [Index], [Answer], [QuestionGroupID]) VALUES (1061, 21, N'В/C', 1011)
INSERT INTO [dbo].[MarkScheme] ([MarkSchemeID], [Index], [Answer], [QuestionGroupID]) VALUES (1062, 22, N'В/C', 1011)
INSERT INTO [dbo].[MarkScheme] ([MarkSchemeID], [Index], [Answer], [QuestionGroupID]) VALUES (1063, 23, N'B/E', 1012)
INSERT INTO [dbo].[MarkScheme] ([MarkSchemeID], [Index], [Answer], [QuestionGroupID]) VALUES (1064, 24, N'B/E', 1012)
INSERT INTO [dbo].[MarkScheme] ([MarkSchemeID], [Index], [Answer], [QuestionGroupID]) VALUES (1065, 25, N'A', 1013)
INSERT INTO [dbo].[MarkScheme] ([MarkSchemeID], [Index], [Answer], [QuestionGroupID]) VALUES (1066, 26, N'C', 1013)
INSERT INTO [dbo].[MarkScheme] ([MarkSchemeID], [Index], [Answer], [QuestionGroupID]) VALUES (1067, 27, N'C', 1013)
INSERT INTO [dbo].[MarkScheme] ([MarkSchemeID], [Index], [Answer], [QuestionGroupID]) VALUES (1068, 28, N'A', 1013)
INSERT INTO [dbo].[MarkScheme] ([MarkSchemeID], [Index], [Answer], [QuestionGroupID]) VALUES (1069, 29, N'B', 1013)
INSERT INTO [dbo].[MarkScheme] ([MarkSchemeID], [Index], [Answer], [QuestionGroupID]) VALUES (1070, 30, N'A', 1013)
INSERT INTO [dbo].[MarkScheme] ([MarkSchemeID], [Index], [Answer], [QuestionGroupID]) VALUES (1071, 31, N'competition', 1014)
INSERT INTO [dbo].[MarkScheme] ([MarkSchemeID], [Index], [Answer], [QuestionGroupID]) VALUES (1072, 32, N'global', 1014)
INSERT INTO [dbo].[MarkScheme] ([MarkSchemeID], [Index], [Answer], [QuestionGroupID]) VALUES (1073, 33, N'demand', 1014)
INSERT INTO [dbo].[MarkScheme] ([MarkSchemeID], [Index], [Answer], [QuestionGroupID]) VALUES (1074, 34, N'customers', 1014)
INSERT INTO [dbo].[MarkScheme] ([MarkSchemeID], [Index], [Answer], [QuestionGroupID]) VALUES (1075, 35, N'regulation', 1014)
INSERT INTO [dbo].[MarkScheme] ([MarkSchemeID], [Index], [Answer], [QuestionGroupID]) VALUES (1076, 36, N'project', 1014)
INSERT INTO [dbo].[MarkScheme] ([MarkSchemeID], [Index], [Answer], [QuestionGroupID]) VALUES (1077, 37, N'flexible', 1014)
INSERT INTO [dbo].[MarkScheme] ([MarkSchemeID], [Index], [Answer], [QuestionGroupID]) VALUES (1078, 38, N'leadership', 1014)
INSERT INTO [dbo].[MarkScheme] ([MarkSchemeID], [Index], [Answer], [QuestionGroupID]) VALUES (1079, 39, N'women', 1014)
INSERT INTO [dbo].[MarkScheme] ([MarkSchemeID], [Index], [Answer], [QuestionGroupID]) VALUES (1080, 40, N'self-employed', 1014)

INSERT INTO [dbo].[MarkScheme] ([MarkSchemeID], [Index], [Answer], [QuestionGroupID]) VALUES (1081, 1,  N'4', 1015)
INSERT INTO [dbo].[MarkScheme] ([MarkSchemeID], [Index], [Answer], [QuestionGroupID]) VALUES (1082, 2,  N'46 Wombat', 1015)
INSERT INTO [dbo].[MarkScheme] ([MarkSchemeID], [Index], [Answer], [QuestionGroupID]) VALUES (1083, 3,  N'Thursday', 1015)
INSERT INTO [dbo].[MarkScheme] ([MarkSchemeID], [Index], [Answer], [QuestionGroupID]) VALUES (1084, 4,  N'8.3', 1015)
INSERT INTO [dbo].[MarkScheme] ([MarkSchemeID], [Index], [Answer], [QuestionGroupID]) VALUES (1085, 5,  N' red', 1015)
INSERT INTO [dbo].[MarkScheme] ([MarkSchemeID], [Index], [Answer], [QuestionGroupID]) VALUES (1086, 6,  N' lunch', 1015)
INSERT INTO [dbo].[MarkScheme] ([MarkSchemeID], [Index], [Answer], [QuestionGroupID]) VALUES (1087, 7,  N'glasses', 1015)
INSERT INTO [dbo].[MarkScheme] ([MarkSchemeID], [Index], [Answer], [QuestionGroupID]) VALUES (1088, 8,  N'Ball', 1015)
INSERT INTO [dbo].[MarkScheme] ([MarkSchemeID], [Index], [Answer], [QuestionGroupID]) VALUES (1089, 9,  N'aunt', 1015)
INSERT INTO [dbo].[MarkScheme] ([MarkSchemeID], [Index], [Answer], [QuestionGroupID]) VALUES (1090, 10, N'month', 1015)
INSERT INTO [dbo].[MarkScheme] ([MarkSchemeID], [Index], [Answer], [QuestionGroupID]) VALUES (1091, 11, N'C/E', 1016)
INSERT INTO [dbo].[MarkScheme] ([MarkSchemeID], [Index], [Answer], [QuestionGroupID]) VALUES (1092, 12, N'C/E', 1016)
INSERT INTO [dbo].[MarkScheme] ([MarkSchemeID], [Index], [Answer], [QuestionGroupID]) VALUES (1093, 13, N'B', 1017)
INSERT INTO [dbo].[MarkScheme] ([MarkSchemeID], [Index], [Answer], [QuestionGroupID]) VALUES (1094, 14, N'A', 1017)
INSERT INTO [dbo].[MarkScheme] ([MarkSchemeID], [Index], [Answer], [QuestionGroupID]) VALUES (1095, 15, N'C', 1017)
INSERT INTO [dbo].[MarkScheme] ([MarkSchemeID], [Index], [Answer], [QuestionGroupID]) VALUES (1096, 16, N'B', 1018)
INSERT INTO [dbo].[MarkScheme] ([MarkSchemeID], [Index], [Answer], [QuestionGroupID]) VALUES (1097, 17, N'C', 1018)
INSERT INTO [dbo].[MarkScheme] ([MarkSchemeID], [Index], [Answer], [QuestionGroupID]) VALUES (1098, 18, N'D', 1018)
INSERT INTO [dbo].[MarkScheme] ([MarkSchemeID], [Index], [Answer], [QuestionGroupID]) VALUES (1099, 19, N'D', 1018)
INSERT INTO [dbo].[MarkScheme] ([MarkSchemeID], [Index], [Answer], [QuestionGroupID]) VALUES (1100, 20, N'A', 1018)
INSERT INTO [dbo].[MarkScheme] ([MarkSchemeID], [Index], [Answer], [QuestionGroupID]) VALUES (1101, 21, N'C', 1019)
INSERT INTO [dbo].[MarkScheme] ([MarkSchemeID], [Index], [Answer], [QuestionGroupID]) VALUES (1102, 22, N'A', 1019)
INSERT INTO [dbo].[MarkScheme] ([MarkSchemeID], [Index], [Answer], [QuestionGroupID]) VALUES (1103, 23, N'A', 1019)
INSERT INTO [dbo].[MarkScheme] ([MarkSchemeID], [Index], [Answer], [QuestionGroupID]) VALUES (1104, 24, N'B', 1019)
INSERT INTO [dbo].[MarkScheme] ([MarkSchemeID], [Index], [Answer], [QuestionGroupID]) VALUES (1105, 25, N'B', 1019)
INSERT INTO [dbo].[MarkScheme] ([MarkSchemeID], [Index], [Answer], [QuestionGroupID]) VALUES (1106, 26, N'E', 1020)
INSERT INTO [dbo].[MarkScheme] ([MarkSchemeID], [Index], [Answer], [QuestionGroupID]) VALUES (1107, 27, N'D', 1020)
INSERT INTO [dbo].[MarkScheme] ([MarkSchemeID], [Index], [Answer], [QuestionGroupID]) VALUES (1108, 28, N'A', 1020)
INSERT INTO [dbo].[MarkScheme] ([MarkSchemeID], [Index], [Answer], [QuestionGroupID]) VALUES (1109, 29, N'G', 1020)
INSERT INTO [dbo].[MarkScheme] ([MarkSchemeID], [Index], [Answer], [QuestionGroupID]) VALUES (1110, 30, N'C', 1020)
INSERT INTO [dbo].[MarkScheme] ([MarkSchemeID], [Index], [Answer], [QuestionGroupID]) VALUES (1111, 31, N'achievement/achievements', 1021)
INSERT INTO [dbo].[MarkScheme] ([MarkSchemeID], [Index], [Answer], [QuestionGroupID]) VALUES (1112, 32, N'personality/character', 1021)
INSERT INTO [dbo].[MarkScheme] ([MarkSchemeID], [Index], [Answer], [QuestionGroupID]) VALUES (1113, 33, N'situational', 1021)
INSERT INTO [dbo].[MarkScheme] ([MarkSchemeID], [Index], [Answer], [QuestionGroupID]) VALUES (1114, 34, N'friend', 1021)
INSERT INTO [dbo].[MarkScheme] ([MarkSchemeID], [Index], [Answer], [QuestionGroupID]) VALUES (1115, 35, N'aspirations/ambitions', 1021)
INSERT INTO [dbo].[MarkScheme] ([MarkSchemeID], [Index], [Answer], [QuestionGroupID]) VALUES (1116, 36, N'style', 1021)
INSERT INTO [dbo].[MarkScheme] ([MarkSchemeID], [Index], [Answer], [QuestionGroupID]) VALUES (1117, 37, N'development', 1021)
INSERT INTO [dbo].[MarkScheme] ([MarkSchemeID], [Index], [Answer], [QuestionGroupID]) VALUES (1118, 38, N'vision', 1021)
INSERT INTO [dbo].[MarkScheme] ([MarkSchemeID], [Index], [Answer], [QuestionGroupID]) VALUES (1119, 39, N'structures', 1021)
INSERT INTO [dbo].[MarkScheme] ([MarkSchemeID], [Index], [Answer], [QuestionGroupID]) VALUES (1120, 40, N'innovation/innovations', 1021)

INSERT INTO [dbo].[MarkScheme] ([MarkSchemeID], [Index], [Answer], [QuestionGroupID]) VALUES (1121, 1,  N'Pargetter', 1022)
INSERT INTO [dbo].[MarkScheme] ([MarkSchemeID], [Index], [Answer], [QuestionGroupID]) VALUES (1122, 2,  N'East', 1022)
INSERT INTO [dbo].[MarkScheme] ([MarkSchemeID], [Index], [Answer], [QuestionGroupID]) VALUES (1123, 3,  N'library', 1022)
INSERT INTO [dbo].[MarkScheme] ([MarkSchemeID], [Index], [Answer], [QuestionGroupID]) VALUES (1124, 4,  N'morning/mornings', 1022)
INSERT INTO [dbo].[MarkScheme] ([MarkSchemeID], [Index], [Answer], [QuestionGroupID]) VALUES (1125, 5,  N'postbox', 1022)
INSERT INTO [dbo].[MarkScheme] ([MarkSchemeID], [Index], [Answer], [QuestionGroupID]) VALUES (1126, 6,  N'prices', 1022)
INSERT INTO [dbo].[MarkScheme] ([MarkSchemeID], [Index], [Answer], [QuestionGroupID]) VALUES (1127, 7,  N'glass', 1023)
INSERT INTO [dbo].[MarkScheme] ([MarkSchemeID], [Index], [Answer], [QuestionGroupID]) VALUES (1128, 8,  N'cooker', 1023)
INSERT INTO [dbo].[MarkScheme] ([MarkSchemeID], [Index], [Answer], [QuestionGroupID]) VALUES (1129, 9,  N'week', 1023)
INSERT INTO [dbo].[MarkScheme] ([MarkSchemeID], [Index], [Answer], [QuestionGroupID]) VALUES (1130, 10, N' fence', 1023)
INSERT INTO [dbo].[MarkScheme] ([MarkSchemeID], [Index], [Answer], [QuestionGroupID]) VALUES (1131, 11, N'B', 1024)
INSERT INTO [dbo].[MarkScheme] ([MarkSchemeID], [Index], [Answer], [QuestionGroupID]) VALUES (1132, 12, N'B', 1024)
INSERT INTO [dbo].[MarkScheme] ([MarkSchemeID], [Index], [Answer], [QuestionGroupID]) VALUES (1133, 13, N'A', 1024)
INSERT INTO [dbo].[MarkScheme] ([MarkSchemeID], [Index], [Answer], [QuestionGroupID]) VALUES (1134, 14, N'A', 1024)
INSERT INTO [dbo].[MarkScheme] ([MarkSchemeID], [Index], [Answer], [QuestionGroupID]) VALUES (1135, 15, N'C', 1024)
INSERT INTO [dbo].[MarkScheme] ([MarkSchemeID], [Index], [Answer], [QuestionGroupID]) VALUES (1136, 16, N'trains', 1025)
INSERT INTO [dbo].[MarkScheme] ([MarkSchemeID], [Index], [Answer], [QuestionGroupID]) VALUES (1137, 17, N'dark', 1025)
INSERT INTO [dbo].[MarkScheme] ([MarkSchemeID], [Index], [Answer], [QuestionGroupID]) VALUES (1138, 18, N'games', 1025)
INSERT INTO [dbo].[MarkScheme] ([MarkSchemeID], [Index], [Answer], [QuestionGroupID]) VALUES (1139, 19, N'guided tour', 1025)
INSERT INTO [dbo].[MarkScheme] ([MarkSchemeID], [Index], [Answer], [QuestionGroupID]) VALUES (1140, 20, N'ladder/ladders', 1025)
INSERT INTO [dbo].[MarkScheme] ([MarkSchemeID], [Index], [Answer], [QuestionGroupID]) VALUES (1141, 21, N'A/E', 1026)
INSERT INTO [dbo].[MarkScheme] ([MarkSchemeID], [Index], [Answer], [QuestionGroupID]) VALUES (1142, 22, N'A/E', 1026)
INSERT INTO [dbo].[MarkScheme] ([MarkSchemeID], [Index], [Answer], [QuestionGroupID]) VALUES (1143, 23, N'В/C', 1027)
INSERT INTO [dbo].[MarkScheme] ([MarkSchemeID], [Index], [Answer], [QuestionGroupID]) VALUES (1144, 24, N'В/C', 1027)
INSERT INTO [dbo].[MarkScheme] ([MarkSchemeID], [Index], [Answer], [QuestionGroupID]) VALUES (1145, 25, N'D', 1028)
INSERT INTO [dbo].[MarkScheme] ([MarkSchemeID], [Index], [Answer], [QuestionGroupID]) VALUES (1146, 26, N'F', 1028)
INSERT INTO [dbo].[MarkScheme] ([MarkSchemeID], [Index], [Answer], [QuestionGroupID]) VALUES (1147, 27, N'G', 1028)
INSERT INTO [dbo].[MarkScheme] ([MarkSchemeID], [Index], [Answer], [QuestionGroupID]) VALUES (1148, 28, N'B', 1028)
INSERT INTO [dbo].[MarkScheme] ([MarkSchemeID], [Index], [Answer], [QuestionGroupID]) VALUES (1149, 29, N'E', 1028)
INSERT INTO [dbo].[MarkScheme] ([MarkSchemeID], [Index], [Answer], [QuestionGroupID]) VALUES (1150, 30, N'C', 1028)
INSERT INTO [dbo].[MarkScheme] ([MarkSchemeID], [Index], [Answer], [QuestionGroupID]) VALUES (1151, 31, N'C', 1029)
INSERT INTO [dbo].[MarkScheme] ([MarkSchemeID], [Index], [Answer], [QuestionGroupID]) VALUES (1152, 32, N'B', 1029)
INSERT INTO [dbo].[MarkScheme] ([MarkSchemeID], [Index], [Answer], [QuestionGroupID]) VALUES (1153, 33, N'C', 1029)
INSERT INTO [dbo].[MarkScheme] ([MarkSchemeID], [Index], [Answer], [QuestionGroupID]) VALUES (1154, 34, N'metal/metals', 1030)
INSERT INTO [dbo].[MarkScheme] ([MarkSchemeID], [Index], [Answer], [QuestionGroupID]) VALUES (1155, 35, N'space', 1030)
INSERT INTO [dbo].[MarkScheme] ([MarkSchemeID], [Index], [Answer], [QuestionGroupID]) VALUES (1156, 36, N'memory', 1030)
INSERT INTO [dbo].[MarkScheme] ([MarkSchemeID], [Index], [Answer], [QuestionGroupID]) VALUES (1157, 37, N'solar', 1030)
INSERT INTO [dbo].[MarkScheme] ([MarkSchemeID], [Index], [Answer], [QuestionGroupID]) VALUES (1158, 38, N'oil', 1030)
INSERT INTO [dbo].[MarkScheme] ([MarkSchemeID], [Index], [Answer], [QuestionGroupID]) VALUES (1159, 39, N'waste', 1030)
INSERT INTO [dbo].[MarkScheme] ([MarkSchemeID], [Index], [Answer], [QuestionGroupID]) VALUES (1160, 40, N'tests', 1030)
SET IDENTITY_INSERT [dbo].[MarkScheme] OFF

-- INSERT TEST -- 
DBCC CHECKIDENT ('[Test]', RESEED, 0);
GO

SET IDENTITY_INSERT [dbo].[Test] ON
INSERT INTO [dbo].[Test] ([TestID], [Venue], [Date], [Time]) VALUES (1001, N'British Council Kuala Lumpur', N'2020-12-18 11:00:00', N'2020-12-18 11:00:00')
INSERT INTO [dbo].[Test] ([TestID], [Venue], [Date], [Time]) VALUES (1002, N'British Council Kuala Lumpur', N'2020-12-18 13:00:00', N'2020-12-18 13:00:00')
INSERT INTO [dbo].[Test] ([TestID], [Venue], [Date], [Time]) VALUES (1003, N'British Council Kuala Lumpur', N'2020-12-18 15:00:00', N'2020-12-18 15:00:00')
INSERT INTO [dbo].[Test] ([TestID], [Venue], [Date], [Time]) VALUES (1004, N'British Council Kuala Lumpur', N'2020-12-19 09:00:00', N'2020-12-19 09:00:00')
INSERT INTO [dbo].[Test] ([TestID], [Venue], [Date], [Time]) VALUES (1005, N'British Council Kuala Lumpur', N'2020-12-19 11:00:00', N'2020-12-19 11:00:00')
INSERT INTO [dbo].[Test] ([TestID], [Venue], [Date], [Time]) VALUES (1006, N'British Council Kuala Lumpur', N'2020-12-19 13:00:00', N'2020-12-19 13:00:00')
INSERT INTO [dbo].[Test] ([TestID], [Venue], [Date], [Time]) VALUES (1007, N'British Council Kuala Lumpur', N'2020-12-19 15:00:00', N'2020-12-19 15:00:00')
INSERT INTO [dbo].[Test] ([TestID], [Venue], [Date], [Time]) VALUES (1008, N'British Council Kuala Lumpur', N'2020-12-25 11:00:00', N'2020-12-25 11:00:00')
INSERT INTO [dbo].[Test] ([TestID], [Venue], [Date], [Time]) VALUES (1009, N'British Council Kuala Lumpur', N'2020-12-25 13:00:00', N'2020-12-25 13:00:00')
INSERT INTO [dbo].[Test] ([TestID], [Venue], [Date], [Time]) VALUES (1010, N'British Council Examination Hall, Jalan Ampang, KL', N'2020-12-19 11:00:00', N'2020-12-19 11:00:00')
INSERT INTO [dbo].[Test] ([TestID], [Venue], [Date], [Time]) VALUES (1011, N'British Council Examination Hall, Jalan Ampang, KL', N'2020-12-19 13:00:00', N'2020-12-19 13:00:00')
INSERT INTO [dbo].[Test] ([TestID], [Venue], [Date], [Time]) VALUES (1012, N'British Council Examination Hall, Jalan Ampang, KL', N'2020-12-19 15:00:00', N'2020-12-19 15:00:00')
INSERT INTO [dbo].[Test] ([TestID], [Venue], [Date], [Time]) VALUES (1013, N'Iversion Associates (Guidance View) @ Mid Valley City', N'2020-12-20 09:00:00', N'2020-12-20 09:00:00')
INSERT INTO [dbo].[Test] ([TestID], [Venue], [Date], [Time]) VALUES (1014, N'Iversion Associates (Guidance View) @ Mid Valley City', N'2020-12-20 11:00:00', N'2020-12-20 11:00:00')
INSERT INTO [dbo].[Test] ([TestID], [Venue], [Date], [Time]) VALUES (1015, N'Iversion Associates (Guidance View) @ Mid Valley City', N'2020-12-20 13:00:00', N'2020-12-20 13:00:00')
INSERT INTO [dbo].[Test] ([TestID], [Venue], [Date], [Time]) VALUES (1016, N'iSpace @ Taman Tun Dr Ismail, KL', N'2020-12-21 09:00:00', N'2020-12-21 09:00:00')
INSERT INTO [dbo].[Test] ([TestID], [Venue], [Date], [Time]) VALUES (1017, N'Holiday Villa Subang @ Subang Jaya', N'2020-12-22 13:00:00', N'2020-12-22 13:00:00')
INSERT INTO [dbo].[Test] ([TestID], [Venue], [Date], [Time]) VALUES (1018, N'Sunway College Johor Bahru', N'2020-12-23 13:00:00', N'2020-12-23 13:00:00')
INSERT INTO [dbo].[Test] ([TestID], [Venue], [Date], [Time]) VALUES (1019, N'Sentral College Penang', N'2020-12-24 15:00:00', N'2020-12-24 15:00:00')
INSERT INTO [dbo].[Test] ([TestID], [Venue], [Date], [Time]) VALUES (1020, N'Kinta Riverfront Hotel & Suites, Ipoh', N'2020-12-25 15:00:00', N'2020-12-25 15:00:00')
INSERT INTO [dbo].[Test] ([TestID], [Venue], [Date], [Time]) VALUES (1021, N'International College of Yayasan Melaka (ICYM)', N'2020-12-26 15:00:00', N'2020-12-26 15:00:00')
SET IDENTITY_INSERT [dbo].[Test] OFF



-- INSERT CANDIDATES -- 
DBCC CHECKIDENT ('[Candidate]', RESEED, 0);
GO

SET IDENTITY_INSERT [dbo].[Candidate] ON
INSERT INTO [dbo].[Candidate] ([CandidateID], [Name], [Token], [RecentPicture], [IdentificationCard], [TestID], [Status], [Grade]) VALUES (1001, N'Lee Pey Keu', N'711340', N'~/Path', N'971021080164', 1001, N'Present', N'Band 5')
INSERT INTO [dbo].[Candidate] ([CandidateID], [Name], [Token], [RecentPicture], [IdentificationCard], [TestID], [Status], [Grade]) VALUES (1002, N'Zhong Hook Pei', N'994133', N'~/Path', N'969192756141', 1001, N'Present', N'Band 4')
INSERT INTO [dbo].[Candidate] ([CandidateID], [Name], [Token], [RecentPicture], [IdentificationCard], [TestID], [Status], [Grade]) VALUES (1003, N'Mohammad Amaanullah Hamid', N'851633', N'~/Path', N'920386127434', 1001, N'Present', N'Band 5')
INSERT INTO [dbo].[Candidate] ([CandidateID], [Name], [Token], [RecentPicture], [IdentificationCard], [TestID], [Status], [Grade]) VALUES (1004, N'Yang Fee Whey', N'397740', N'~/Path', N'914083549690', 1001, N'Present', N'Band 5')
INSERT INTO [dbo].[Candidate] ([CandidateID], [Name], [Token], [RecentPicture], [IdentificationCard], [TestID], [Status], [Grade]) VALUES (1005, N'Nur Danish Zaiminuddin', N'833680', N'~/Path', N'997804922725', 1001, N'Present', N'Band 5')
INSERT INTO [dbo].[Candidate] ([CandidateID], [Name], [Token], [RecentPicture], [IdentificationCard], [TestID], [Status], [Grade]) VALUES (1006, N'Muhammed Nik Hisammudin', N'313633', N'~/Path', N'998333533241', 1001, N'Present', N'Band 5')
INSERT INTO [dbo].[Candidate] ([CandidateID], [Name], [Token], [RecentPicture], [IdentificationCard], [TestID], [Status], [Grade]) VALUES (1007, N'Shanti Sundram', N'350632', N'~/Path', N'958077872126', 1001, N'Present', N'Band 4')
INSERT INTO [dbo].[Candidate] ([CandidateID], [Name], [Token], [RecentPicture], [IdentificationCard], [TestID], [Status], [Grade]) VALUES (1008, N'Kong Siou Lan', N'994505', N'~/Path', N'966284789334', 1001, N'Present', N'Band 5')
INSERT INTO [dbo].[Candidate] ([CandidateID], [Name], [Token], [RecentPicture], [IdentificationCard], [TestID], [Status], [Grade]) VALUES (1009, N'Yeo Mum Liem', N'114012', N'~/Path', N'986060316086', 1001, N'Present', N'Band 5')
INSERT INTO [dbo].[Candidate] ([CandidateID], [Name], [Token], [RecentPicture], [IdentificationCard], [TestID], [Status], [Grade]) VALUES (1010, N'Lai Xiao Moon', N'874816', N'~/Path', N'962849240382', 1001, N'Present', N'Band 4')
INSERT INTO [dbo].[Candidate] ([CandidateID], [Name], [Token], [RecentPicture], [IdentificationCard], [TestID], [Status], [Grade]) VALUES (1011, N'Choong Min Fei', N'535215', N'~/Path', N'915708692133', 1001, N'Present', N'Band 3')
INSERT INTO [dbo].[Candidate] ([CandidateID], [Name], [Token], [RecentPicture], [IdentificationCard], [TestID], [Status], [Grade]) VALUES (1012, N'Cham Hiong Fuk', N'237165', N'~/Path', N'969055641065', 1001, N'Present', N'Band 5')
INSERT INTO [dbo].[Candidate] ([CandidateID], [Name], [Token], [RecentPicture], [IdentificationCard], [TestID], [Status], [Grade]) VALUES (1013, N'Wu Rong Shui', N'755294', N'~/Path', N'911138508328', 1001, N'Present', N'Band 4')
INSERT INTO [dbo].[Candidate] ([CandidateID], [Name], [Token], [RecentPicture], [IdentificationCard], [TestID], [Status], [Grade]) VALUES (1014, N'Renuga a/l Rakesh', N'787096', N'~/Path', N'967339631322', 1001, N'Present', N'Band 5')
INSERT INTO [dbo].[Candidate] ([CandidateID], [Name], [Token], [RecentPicture], [IdentificationCard], [TestID], [Status], [Grade]) VALUES (1015, N'Ngu Kong Moo', N'755767', N'~/Path', N'929420813280', 1001, N'Present', N'Band 3')
INSERT INTO [dbo].[Candidate] ([CandidateID], [Name], [Token], [RecentPicture], [IdentificationCard], [TestID], [Status], [Grade]) VALUES (1016, N'Toh Na Ching', N'720491', N'~/Path', N'941831568316', 1001, N'Present', N'Band 4')
INSERT INTO [dbo].[Candidate] ([CandidateID], [Name], [Token], [RecentPicture], [IdentificationCard], [TestID], [Status], [Grade]) VALUES (1017, N'Muhammet Hj Nasir Asmar', N'299864', N'~/Path', N'996079120104', 1001, N'Present', N'Band 4')
INSERT INTO [dbo].[Candidate] ([CandidateID], [Name], [Token], [RecentPicture], [IdentificationCard], [TestID], [Status], [Grade]) VALUES (1018, N'Shanthi a/l Baltej Mahathevan', N'384702', N'~/Path', N'999595905342', 1001, N'Present', N'Band 4')
INSERT INTO [dbo].[Candidate] ([CandidateID], [Name], [Token], [RecentPicture], [IdentificationCard], [TestID], [Status], [Grade]) VALUES (1019, N'Liao Hang Fam', N'797386', N'~/Path', N'925439157637', 1001, N'Present', N'Band 3')
INSERT INTO [dbo].[Candidate] ([CandidateID], [Name], [Token], [RecentPicture], [IdentificationCard], [TestID], [Status], [Grade]) VALUES (1020, N'Jason Teh Lat Kho', N'631056', N'~/Path', N'965303972844', 1001, N'Present', N'Band 5')
INSERT INTO [dbo].[Candidate] ([CandidateID], [Name], [Token], [RecentPicture], [IdentificationCard], [TestID], [Status], [Grade]) VALUES (1021, N'Muhammad Jafree bin Che Ramly', N'667793', N'~/Path', N'993135503793', 1001, N'Present', N'Band 5')
INSERT INTO [dbo].[Candidate] ([CandidateID], [Name], [Token], [RecentPicture], [IdentificationCard], [TestID], [Status], [Grade]) VALUES (1022, N'Mak Thong Rin', N'931832', N'~/Path', N'960861483778', 1001, N'Present', N'Band 3')
INSERT INTO [dbo].[Candidate] ([CandidateID], [Name], [Token], [RecentPicture], [IdentificationCard], [TestID], [Status], [Grade]) VALUES (1023, N'Mohamad Baharin Fitri', N'214399', N'~/Path', N'983970807153', 1001, N'Present', N'Band 4')
INSERT INTO [dbo].[Candidate] ([CandidateID], [Name], [Token], [RecentPicture], [IdentificationCard], [TestID], [Status], [Grade]) VALUES (1024, N'Chang Hen Choi ', N'359456', N'~/Path', N'925601116764', 1001, N'Present', N'Band 4')
INSERT INTO [dbo].[Candidate] ([CandidateID], [Name], [Token], [RecentPicture], [IdentificationCard], [TestID], [Status], [Grade]) VALUES (1025, N'Roger Ngan Bee Suo', N'919776', N'~/Path', N'999086104359', 1001, N'Present', N'Band 5')
INSERT INTO [dbo].[Candidate] ([CandidateID], [Name], [Token], [RecentPicture], [IdentificationCard], [TestID], [Status], [Grade]) VALUES (1026, N'Jessie Mak Khor Sin', N'164688', N'~/Path', N'991479239693', 1001, N'Present', N'Band 4')
INSERT INTO [dbo].[Candidate] ([CandidateID], [Name], [Token], [RecentPicture], [IdentificationCard], [TestID], [Status], [Grade]) VALUES (1027, N'Sam Kean Kim', N'938421', N'~/Path', N'977666040476', 1001, N'Present', N'Band 4')
INSERT INTO [dbo].[Candidate] ([CandidateID], [Name], [Token], [RecentPicture], [IdentificationCard], [TestID], [Status], [Grade]) VALUES (1028, N'Liew Ban Mai', N'429722', N'~/Path', N'939732265578', 1001, N'Present', N'Band 5')
INSERT INTO [dbo].[Candidate] ([CandidateID], [Name], [Token], [RecentPicture], [IdentificationCard], [TestID], [Status], [Grade]) VALUES (1029, N'Ooi Chua May', N'140209', N'~/Path', N'991934328650', 1001, N'Present', N'Band 4')
INSERT INTO [dbo].[Candidate] ([CandidateID], [Name], [Token], [RecentPicture], [IdentificationCard], [TestID], [Status], [Grade]) VALUES (1030, N'Chung Loi Leng', N'442269', N'~/Path', N'946981587450', 1001, N'Present', N'Band 5')
INSERT INTO [dbo].[Candidate] ([CandidateID], [Name], [Token], [RecentPicture], [IdentificationCard], [TestID], [Status], [Grade]) VALUES (1031, N'Chris Qu Tay Shuo', N'847508', N'~/Path', N'921096102204', 1001, N'Present', N'Band 3')
INSERT INTO [dbo].[Candidate] ([CandidateID], [Name], [Token], [RecentPicture], [IdentificationCard], [TestID], [Status], [Grade]) VALUES (1032, N'Arul Nadarajah', N'139161', N'~/Path', N'960696002518', 1001, N'Present', N'Band 4')
INSERT INTO [dbo].[Candidate] ([CandidateID], [Name], [Token], [RecentPicture], [IdentificationCard], [TestID], [Status], [Grade]) VALUES (1033, N'Chou Gan Cho', N'893480', N'~/Path', N'966414549816', 1001, N'Present', N'Band 5')
INSERT INTO [dbo].[Candidate] ([CandidateID], [Name], [Token], [RecentPicture], [IdentificationCard], [TestID], [Status], [Grade]) VALUES (1034, N'Melissa Kwong Chua Thia', N'999411', N'~/Path', N'998502152398', 1001, N'Present', N'Band 3')
INSERT INTO [dbo].[Candidate] ([CandidateID], [Name], [Token], [RecentPicture], [IdentificationCard], [TestID], [Status], [Grade]) VALUES (1035, N'Muhamed Nik Salleh bin Mahadhir', N'800062', N'~/Path', N'929685623583', 1001, N'Present', N'Band 4')
INSERT INTO [dbo].[Candidate] ([CandidateID], [Name], [Token], [RecentPicture], [IdentificationCard], [TestID], [Status], [Grade]) VALUES (1036, N'Liong Xing Koh', N'343731', N'~/Path', N'969258532918', 1001, N'Present', N'Band 3')
INSERT INTO [dbo].[Candidate] ([CandidateID], [Name], [Token], [RecentPicture], [IdentificationCard], [TestID], [Status], [Grade]) VALUES (1037, N'Kar Hui Leow', N'455410', N'~/Path', N'975068674939', 1001, N'Present', N'Band 4')
INSERT INTO [dbo].[Candidate] ([CandidateID], [Name], [Token], [RecentPicture], [IdentificationCard], [TestID], [Status], [Grade]) VALUES (1038, N'Zulhakimi bin Hammani', N'882738', N'~/Path', N'958664938021', 1001, N'Present', N'Band 3')
INSERT INTO [dbo].[Candidate] ([CandidateID], [Name], [Token], [RecentPicture], [IdentificationCard], [TestID], [Status], [Grade]) VALUES (1039, N'Muhammed Hj Amierul bin Norhisam', N'243859', N'~/Path', N'996271392815', 1001, N'Present', N'Band 4')
INSERT INTO [dbo].[Candidate] ([CandidateID], [Name], [Token], [RecentPicture], [IdentificationCard], [TestID], [Status], [Grade]) VALUES (1040, N'Chew Yung Zen', N'581610', N'~/Path', N'970624297163', 1001, N'Present', N'Band 3')
SET IDENTITY_INSERT [dbo].[Candidate] OFF


-- INSERT RECORDING --
INSERT INTO [dbo].[RecordingList] ([CandidateID], [RecordingID]) VALUES (1001, 1001)
INSERT INTO [dbo].[RecordingList] ([CandidateID], [RecordingID]) VALUES (1001, 1010)
INSERT INTO [dbo].[RecordingList] ([CandidateID], [RecordingID]) VALUES (1001, 1007)
INSERT INTO [dbo].[RecordingList] ([CandidateID], [RecordingID]) VALUES (1001, 1008)
INSERT INTO [dbo].[RecordingList] ([CandidateID], [RecordingID]) VALUES (1002, 1001)
INSERT INTO [dbo].[RecordingList] ([CandidateID], [RecordingID]) VALUES (1002, 1010)
INSERT INTO [dbo].[RecordingList] ([CandidateID], [RecordingID]) VALUES (1002, 1003)
INSERT INTO [dbo].[RecordingList] ([CandidateID], [RecordingID]) VALUES (1002, 1016)
INSERT INTO [dbo].[RecordingList] ([CandidateID], [RecordingID]) VALUES (1003, 1013)
INSERT INTO [dbo].[RecordingList] ([CandidateID], [RecordingID]) VALUES (1003, 1006)
INSERT INTO [dbo].[RecordingList] ([CandidateID], [RecordingID]) VALUES (1003, 1003)
INSERT INTO [dbo].[RecordingList] ([CandidateID], [RecordingID]) VALUES (1003, 1016)
INSERT INTO [dbo].[RecordingList] ([CandidateID], [RecordingID]) VALUES (1004, 1001)
INSERT INTO [dbo].[RecordingList] ([CandidateID], [RecordingID]) VALUES (1004, 1006)
INSERT INTO [dbo].[RecordingList] ([CandidateID], [RecordingID]) VALUES (1004, 1003)
INSERT INTO [dbo].[RecordingList] ([CandidateID], [RecordingID]) VALUES (1004, 1004)
INSERT INTO [dbo].[RecordingList] ([CandidateID], [RecordingID]) VALUES (1005, 1013)
INSERT INTO [dbo].[RecordingList] ([CandidateID], [RecordingID]) VALUES (1005, 1002)
INSERT INTO [dbo].[RecordingList] ([CandidateID], [RecordingID]) VALUES (1005, 1007)
INSERT INTO [dbo].[RecordingList] ([CandidateID], [RecordingID]) VALUES (1005, 1008)
INSERT INTO [dbo].[RecordingList] ([CandidateID], [RecordingID]) VALUES (1006, 1005)
INSERT INTO [dbo].[RecordingList] ([CandidateID], [RecordingID]) VALUES (1006, 1010)
INSERT INTO [dbo].[RecordingList] ([CandidateID], [RecordingID]) VALUES (1006, 1015)
INSERT INTO [dbo].[RecordingList] ([CandidateID], [RecordingID]) VALUES (1006, 1008)
INSERT INTO [dbo].[RecordingList] ([CandidateID], [RecordingID]) VALUES (1007, 1001)
INSERT INTO [dbo].[RecordingList] ([CandidateID], [RecordingID]) VALUES (1007, 1006)
INSERT INTO [dbo].[RecordingList] ([CandidateID], [RecordingID]) VALUES (1007, 1011)
INSERT INTO [dbo].[RecordingList] ([CandidateID], [RecordingID]) VALUES (1007, 1004)
INSERT INTO [dbo].[RecordingList] ([CandidateID], [RecordingID]) VALUES (1008, 1005)
INSERT INTO [dbo].[RecordingList] ([CandidateID], [RecordingID]) VALUES (1008, 1006)
INSERT INTO [dbo].[RecordingList] ([CandidateID], [RecordingID]) VALUES (1008, 1007)
INSERT INTO [dbo].[RecordingList] ([CandidateID], [RecordingID]) VALUES (1008, 1016)
INSERT INTO [dbo].[RecordingList] ([CandidateID], [RecordingID]) VALUES (1009, 1001)
INSERT INTO [dbo].[RecordingList] ([CandidateID], [RecordingID]) VALUES (1009, 1014)
INSERT INTO [dbo].[RecordingList] ([CandidateID], [RecordingID]) VALUES (1009, 1003)
INSERT INTO [dbo].[RecordingList] ([CandidateID], [RecordingID]) VALUES (1009, 1016)
INSERT INTO [dbo].[RecordingList] ([CandidateID], [RecordingID]) VALUES (1010, 1013)
INSERT INTO [dbo].[RecordingList] ([CandidateID], [RecordingID]) VALUES (1010, 1014)
INSERT INTO [dbo].[RecordingList] ([CandidateID], [RecordingID]) VALUES (1010, 1007)
INSERT INTO [dbo].[RecordingList] ([CandidateID], [RecordingID]) VALUES (1010, 1004)
INSERT INTO [dbo].[RecordingList] ([CandidateID], [RecordingID]) VALUES (1011, 1005)
INSERT INTO [dbo].[RecordingList] ([CandidateID], [RecordingID]) VALUES (1011, 1010)
INSERT INTO [dbo].[RecordingList] ([CandidateID], [RecordingID]) VALUES (1011, 1007)
INSERT INTO [dbo].[RecordingList] ([CandidateID], [RecordingID]) VALUES (1011, 1016)
INSERT INTO [dbo].[RecordingList] ([CandidateID], [RecordingID]) VALUES (1012, 1001)
INSERT INTO [dbo].[RecordingList] ([CandidateID], [RecordingID]) VALUES (1012, 1010)
INSERT INTO [dbo].[RecordingList] ([CandidateID], [RecordingID]) VALUES (1012, 1003)
INSERT INTO [dbo].[RecordingList] ([CandidateID], [RecordingID]) VALUES (1012, 1012)
INSERT INTO [dbo].[RecordingList] ([CandidateID], [RecordingID]) VALUES (1013, 1013)
INSERT INTO [dbo].[RecordingList] ([CandidateID], [RecordingID]) VALUES (1013, 1006)
INSERT INTO [dbo].[RecordingList] ([CandidateID], [RecordingID]) VALUES (1013, 1007)
INSERT INTO [dbo].[RecordingList] ([CandidateID], [RecordingID]) VALUES (1013, 1012)
INSERT INTO [dbo].[RecordingList] ([CandidateID], [RecordingID]) VALUES (1014, 1005)
INSERT INTO [dbo].[RecordingList] ([CandidateID], [RecordingID]) VALUES (1014, 1010)
INSERT INTO [dbo].[RecordingList] ([CandidateID], [RecordingID]) VALUES (1014, 1015)
INSERT INTO [dbo].[RecordingList] ([CandidateID], [RecordingID]) VALUES (1014, 1016)
INSERT INTO [dbo].[RecordingList] ([CandidateID], [RecordingID]) VALUES (1015, 1009)
INSERT INTO [dbo].[RecordingList] ([CandidateID], [RecordingID]) VALUES (1015, 1010)
INSERT INTO [dbo].[RecordingList] ([CandidateID], [RecordingID]) VALUES (1015, 1007)
INSERT INTO [dbo].[RecordingList] ([CandidateID], [RecordingID]) VALUES (1015, 1012)
INSERT INTO [dbo].[RecordingList] ([CandidateID], [RecordingID]) VALUES (1016, 1005)
INSERT INTO [dbo].[RecordingList] ([CandidateID], [RecordingID]) VALUES (1016, 1006)
INSERT INTO [dbo].[RecordingList] ([CandidateID], [RecordingID]) VALUES (1016, 1011)
INSERT INTO [dbo].[RecordingList] ([CandidateID], [RecordingID]) VALUES (1016, 1012)
INSERT INTO [dbo].[RecordingList] ([CandidateID], [RecordingID]) VALUES (1017, 1001)
INSERT INTO [dbo].[RecordingList] ([CandidateID], [RecordingID]) VALUES (1017, 1014)
INSERT INTO [dbo].[RecordingList] ([CandidateID], [RecordingID]) VALUES (1017, 1003)
INSERT INTO [dbo].[RecordingList] ([CandidateID], [RecordingID]) VALUES (1017, 1012)
INSERT INTO [dbo].[RecordingList] ([CandidateID], [RecordingID]) VALUES (1018, 1005)
INSERT INTO [dbo].[RecordingList] ([CandidateID], [RecordingID]) VALUES (1018, 1002)
INSERT INTO [dbo].[RecordingList] ([CandidateID], [RecordingID]) VALUES (1018, 1015)
INSERT INTO [dbo].[RecordingList] ([CandidateID], [RecordingID]) VALUES (1018, 1008)
INSERT INTO [dbo].[RecordingList] ([CandidateID], [RecordingID]) VALUES (1019, 1001)
INSERT INTO [dbo].[RecordingList] ([CandidateID], [RecordingID]) VALUES (1019, 1002)
INSERT INTO [dbo].[RecordingList] ([CandidateID], [RecordingID]) VALUES (1019, 1007)
INSERT INTO [dbo].[RecordingList] ([CandidateID], [RecordingID]) VALUES (1019, 1012)
INSERT INTO [dbo].[RecordingList] ([CandidateID], [RecordingID]) VALUES (1020, 1009)
INSERT INTO [dbo].[RecordingList] ([CandidateID], [RecordingID]) VALUES (1020, 1014)
INSERT INTO [dbo].[RecordingList] ([CandidateID], [RecordingID]) VALUES (1020, 1015)
INSERT INTO [dbo].[RecordingList] ([CandidateID], [RecordingID]) VALUES (1020, 1012)



-- INSERT ANSWERS -- 
DBCC CHECKIDENT ('[Answer]', RESEED, 0);
GO

SET IDENTITY_INSERT [dbo].[Answer] ON
INSERT INTO [dbo].[Answer] ([AnswerID], [Index], [WrittenAnswer], [CandidateID], [RecordingID], [Correctness]) VALUES (1001, 1, N'Ardleigh', 1001, 1001, 1)
INSERT INTO [dbo].[Answer] ([AnswerID], [Index], [WrittenAnswer], [CandidateID], [RecordingID], [Correctness]) VALUES (1002, 2, N'newspaper', 1001, 1001, 1)
INSERT INTO [dbo].[Answer] ([AnswerID], [Index], [WrittenAnswer], [CandidateID], [RecordingID], [Correctness]) VALUES (1003, 3, N'theme', 1001, 1001, 1)
INSERT INTO [dbo].[Answer] ([AnswerID], [Index], [WrittenAnswer], [CandidateID], [RecordingID], [Correctness]) VALUES (1004, 4, N'tent', 1001, 1001, 1)
INSERT INTO [dbo].[Answer] ([AnswerID], [Index], [WrittenAnswer], [CandidateID], [RecordingID], [Correctness]) VALUES (1005, 5, N'castle', 1001, 1001, 1)
INSERT INTO [dbo].[Answer] ([AnswerID], [Index], [WrittenAnswer], [CandidateID], [RecordingID], [Correctness]) VALUES (1006, 6, N'beach/beaches', 1001, 1001, 1)
INSERT INTO [dbo].[Answer] ([AnswerID], [Index], [WrittenAnswer], [CandidateID], [RecordingID], [Correctness]) VALUES (1007, 7, N'2020', 1001, 1001, 1)
INSERT INTO [dbo].[Answer] ([AnswerID], [Index], [WrittenAnswer], [CandidateID], [RecordingID], [Correctness]) VALUES (1008, 8, N'flight', 1001, 1001, 1)
INSERT INTO [dbo].[Answer] ([AnswerID], [Index], [WrittenAnswer], [CandidateID], [RecordingID], [Correctness]) VALUES (1009, 9, N'429', 1001, 1001, 1)
INSERT INTO [dbo].[Answer] ([AnswerID], [Index], [WrittenAnswer], [CandidateID], [RecordingID], [Correctness]) VALUES (1010, 10, N'dinner', 1001, 1001, 1)
INSERT INTO [dbo].[Answer] ([AnswerID], [Index], [WrittenAnswer], [CandidateID], [RecordingID], [Correctness]) VALUES (1011, 11, N'C/E', 1001, 1010, 1)
INSERT INTO [dbo].[Answer] ([AnswerID], [Index], [WrittenAnswer], [CandidateID], [RecordingID], [Correctness]) VALUES (1012, 12, N'C/E', 1001, 1010, 1)
INSERT INTO [dbo].[Answer] ([AnswerID], [Index], [WrittenAnswer], [CandidateID], [RecordingID], [Correctness]) VALUES (1013, 13, N'B', 1001, 1010, 1)
INSERT INTO [dbo].[Answer] ([AnswerID], [Index], [WrittenAnswer], [CandidateID], [RecordingID], [Correctness]) VALUES (1014, 14, N'A', 1001, 1010, 0)
INSERT INTO [dbo].[Answer] ([AnswerID], [Index], [WrittenAnswer], [CandidateID], [RecordingID], [Correctness]) VALUES (1015, 15, N'C', 1001, 1010, 0)
INSERT INTO [dbo].[Answer] ([AnswerID], [Index], [WrittenAnswer], [CandidateID], [RecordingID], [Correctness]) VALUES (1016, 16, N'B', 1001, 1010, 1)
INSERT INTO [dbo].[Answer] ([AnswerID], [Index], [WrittenAnswer], [CandidateID], [RecordingID], [Correctness]) VALUES (1017, 17, N'C', 1001, 1010, 1)
INSERT INTO [dbo].[Answer] ([AnswerID], [Index], [WrittenAnswer], [CandidateID], [RecordingID], [Correctness]) VALUES (1018, 18, N'D', 1001, 1010, 1)
INSERT INTO [dbo].[Answer] ([AnswerID], [Index], [WrittenAnswer], [CandidateID], [RecordingID], [Correctness]) VALUES (1019, 19, N'D', 1001, 1010, 1)
INSERT INTO [dbo].[Answer] ([AnswerID], [Index], [WrittenAnswer], [CandidateID], [RecordingID], [Correctness]) VALUES (1020, 20, N'A', 1001, 1010, 0)
INSERT INTO [dbo].[Answer] ([AnswerID], [Index], [WrittenAnswer], [CandidateID], [RecordingID], [Correctness]) VALUES (1021, 21, N'В/C', 1001, 1007, 1)
INSERT INTO [dbo].[Answer] ([AnswerID], [Index], [WrittenAnswer], [CandidateID], [RecordingID], [Correctness]) VALUES (1022, 22, N'В/C', 1001, 1007, 1)
INSERT INTO [dbo].[Answer] ([AnswerID], [Index], [WrittenAnswer], [CandidateID], [RecordingID], [Correctness]) VALUES (1023, 23, N'B/E', 1001, 1007, 1)
INSERT INTO [dbo].[Answer] ([AnswerID], [Index], [WrittenAnswer], [CandidateID], [RecordingID], [Correctness]) VALUES (1024, 24, N'B/E', 1001, 1007, 1)
INSERT INTO [dbo].[Answer] ([AnswerID], [Index], [WrittenAnswer], [CandidateID], [RecordingID], [Correctness]) VALUES (1025, 25, N'A', 1001, 1007, 1)
INSERT INTO [dbo].[Answer] ([AnswerID], [Index], [WrittenAnswer], [CandidateID], [RecordingID], [Correctness]) VALUES (1026, 26, N'C', 1001, 1007, 1)
INSERT INTO [dbo].[Answer] ([AnswerID], [Index], [WrittenAnswer], [CandidateID], [RecordingID], [Correctness]) VALUES (1027, 27, N'C', 1001, 1007, 1)
INSERT INTO [dbo].[Answer] ([AnswerID], [Index], [WrittenAnswer], [CandidateID], [RecordingID], [Correctness]) VALUES (1028, 28, N'A', 1001, 1007, 1)
INSERT INTO [dbo].[Answer] ([AnswerID], [Index], [WrittenAnswer], [CandidateID], [RecordingID], [Correctness]) VALUES (1029, 29, N'B', 1001, 1007, 1)
INSERT INTO [dbo].[Answer] ([AnswerID], [Index], [WrittenAnswer], [CandidateID], [RecordingID], [Correctness]) VALUES (1030, 30, N'A', 1001, 1007, 1)
INSERT INTO [dbo].[Answer] ([AnswerID], [Index], [WrittenAnswer], [CandidateID], [RecordingID], [Correctness]) VALUES (1031, 31, N'competition', 1001, 1008, 1)
INSERT INTO [dbo].[Answer] ([AnswerID], [Index], [WrittenAnswer], [CandidateID], [RecordingID], [Correctness]) VALUES (1032, 32, N'global', 1001, 1008, 1)
INSERT INTO [dbo].[Answer] ([AnswerID], [Index], [WrittenAnswer], [CandidateID], [RecordingID], [Correctness]) VALUES (1033, 33, N'demand', 1001, 1008, 1)
INSERT INTO [dbo].[Answer] ([AnswerID], [Index], [WrittenAnswer], [CandidateID], [RecordingID], [Correctness]) VALUES (1034, 34, N'customers', 1001, 1008, 1)
INSERT INTO [dbo].[Answer] ([AnswerID], [Index], [WrittenAnswer], [CandidateID], [RecordingID], [Correctness]) VALUES (1035, 35, N'regulation', 1001, 1008, 1)
INSERT INTO [dbo].[Answer] ([AnswerID], [Index], [WrittenAnswer], [CandidateID], [RecordingID], [Correctness]) VALUES (1036, 36, N'project', 1001, 1008, 0)
INSERT INTO [dbo].[Answer] ([AnswerID], [Index], [WrittenAnswer], [CandidateID], [RecordingID], [Correctness]) VALUES (1037, 37, N'flexible', 1001, 1008, 1)
INSERT INTO [dbo].[Answer] ([AnswerID], [Index], [WrittenAnswer], [CandidateID], [RecordingID], [Correctness]) VALUES (1038, 38, N'leadership', 1001, 1008, 1)
INSERT INTO [dbo].[Answer] ([AnswerID], [Index], [WrittenAnswer], [CandidateID], [RecordingID], [Correctness]) VALUES (1039, 39, N'women', 1001, 1008, 1)
INSERT INTO [dbo].[Answer] ([AnswerID], [Index], [WrittenAnswer], [CandidateID], [RecordingID], [Correctness]) VALUES (1040, 40, N'self-employed', 1001, 1008, 1)

INSERT INTO [dbo].[Answer] ([AnswerID], [Index], [WrittenAnswer], [CandidateID], [RecordingID], [Correctness]) VALUES (1041,  1, N'sample ans', 1002, 1001, 1)
INSERT INTO [dbo].[Answer] ([AnswerID], [Index], [WrittenAnswer], [CandidateID], [RecordingID], [Correctness]) VALUES (1042,  2, N'sample ans', 1002, 1001, 1)
INSERT INTO [dbo].[Answer] ([AnswerID], [Index], [WrittenAnswer], [CandidateID], [RecordingID], [Correctness]) VALUES (1043,  3, N'sample ans', 1002, 1001, 1)
INSERT INTO [dbo].[Answer] ([AnswerID], [Index], [WrittenAnswer], [CandidateID], [RecordingID], [Correctness]) VALUES (1044,  4, N'sample ans', 1002, 1001, 1)
INSERT INTO [dbo].[Answer] ([AnswerID], [Index], [WrittenAnswer], [CandidateID], [RecordingID], [Correctness]) VALUES (1045,  5, N'sample ans', 1002, 1001, 1)
INSERT INTO [dbo].[Answer] ([AnswerID], [Index], [WrittenAnswer], [CandidateID], [RecordingID], [Correctness]) VALUES (1046,  6, N'sample ans', 1002, 1001, 1)
INSERT INTO [dbo].[Answer] ([AnswerID], [Index], [WrittenAnswer], [CandidateID], [RecordingID], [Correctness]) VALUES (1047,  7, N'sample ans', 1002, 1001, 0)
INSERT INTO [dbo].[Answer] ([AnswerID], [Index], [WrittenAnswer], [CandidateID], [RecordingID], [Correctness]) VALUES (1048,  8, N'sample ans', 1002, 1001, 1)
INSERT INTO [dbo].[Answer] ([AnswerID], [Index], [WrittenAnswer], [CandidateID], [RecordingID], [Correctness]) VALUES (1049,  9, N'sample ans', 1002, 1001, 1)
INSERT INTO [dbo].[Answer] ([AnswerID], [Index], [WrittenAnswer], [CandidateID], [RecordingID], [Correctness]) VALUES (1050, 10, N'sample ans', 1002, 1001, 1)
INSERT INTO [dbo].[Answer] ([AnswerID], [Index], [WrittenAnswer], [CandidateID], [RecordingID], [Correctness]) VALUES (1051, 11, N'sample ans', 1002, 1010, 0)
INSERT INTO [dbo].[Answer] ([AnswerID], [Index], [WrittenAnswer], [CandidateID], [RecordingID], [Correctness]) VALUES (1052, 12, N'sample ans', 1002, 1010, 1)
INSERT INTO [dbo].[Answer] ([AnswerID], [Index], [WrittenAnswer], [CandidateID], [RecordingID], [Correctness]) VALUES (1053, 13, N'sample ans', 1002, 1010, 1)
INSERT INTO [dbo].[Answer] ([AnswerID], [Index], [WrittenAnswer], [CandidateID], [RecordingID], [Correctness]) VALUES (1054, 14, N'sample ans', 1002, 1010, 1)
INSERT INTO [dbo].[Answer] ([AnswerID], [Index], [WrittenAnswer], [CandidateID], [RecordingID], [Correctness]) VALUES (1055, 15, N'sample ans', 1002, 1010, 1)
INSERT INTO [dbo].[Answer] ([AnswerID], [Index], [WrittenAnswer], [CandidateID], [RecordingID], [Correctness]) VALUES (1056, 16, N'sample ans', 1002, 1010, 0)
INSERT INTO [dbo].[Answer] ([AnswerID], [Index], [WrittenAnswer], [CandidateID], [RecordingID], [Correctness]) VALUES (1057, 17, N'sample ans', 1002, 1010, 1)
INSERT INTO [dbo].[Answer] ([AnswerID], [Index], [WrittenAnswer], [CandidateID], [RecordingID], [Correctness]) VALUES (1058, 18, N'sample ans', 1002, 1010, 1)
INSERT INTO [dbo].[Answer] ([AnswerID], [Index], [WrittenAnswer], [CandidateID], [RecordingID], [Correctness]) VALUES (1059, 19, N'sample ans', 1002, 1010, 1)
INSERT INTO [dbo].[Answer] ([AnswerID], [Index], [WrittenAnswer], [CandidateID], [RecordingID], [Correctness]) VALUES (1060, 20, N'sample ans', 1002, 1010, 1)
INSERT INTO [dbo].[Answer] ([AnswerID], [Index], [WrittenAnswer], [CandidateID], [RecordingID], [Correctness]) VALUES (1061, 21, N'sample ans', 1002, 1003, 1)
INSERT INTO [dbo].[Answer] ([AnswerID], [Index], [WrittenAnswer], [CandidateID], [RecordingID], [Correctness]) VALUES (1062, 22, N'sample ans', 1002, 1003, 1)
INSERT INTO [dbo].[Answer] ([AnswerID], [Index], [WrittenAnswer], [CandidateID], [RecordingID], [Correctness]) VALUES (1063, 23, N'sample ans', 1002, 1003, 1)
INSERT INTO [dbo].[Answer] ([AnswerID], [Index], [WrittenAnswer], [CandidateID], [RecordingID], [Correctness]) VALUES (1064, 24, N'sample ans', 1002, 1003, 1)
INSERT INTO [dbo].[Answer] ([AnswerID], [Index], [WrittenAnswer], [CandidateID], [RecordingID], [Correctness]) VALUES (1065, 25, N'sample ans', 1002, 1003, 0)
INSERT INTO [dbo].[Answer] ([AnswerID], [Index], [WrittenAnswer], [CandidateID], [RecordingID], [Correctness]) VALUES (1066, 26, N'sample ans', 1002, 1003, 1)
INSERT INTO [dbo].[Answer] ([AnswerID], [Index], [WrittenAnswer], [CandidateID], [RecordingID], [Correctness]) VALUES (1067, 27, N'sample ans', 1002, 1003, 1)
INSERT INTO [dbo].[Answer] ([AnswerID], [Index], [WrittenAnswer], [CandidateID], [RecordingID], [Correctness]) VALUES (1068, 28, N'sample ans', 1002, 1003, 1)
INSERT INTO [dbo].[Answer] ([AnswerID], [Index], [WrittenAnswer], [CandidateID], [RecordingID], [Correctness]) VALUES (1069, 29, N'sample ans', 1002, 1003, 1)
INSERT INTO [dbo].[Answer] ([AnswerID], [Index], [WrittenAnswer], [CandidateID], [RecordingID], [Correctness]) VALUES (1070, 30, N'sample ans', 1002, 1003, 1)
INSERT INTO [dbo].[Answer] ([AnswerID], [Index], [WrittenAnswer], [CandidateID], [RecordingID], [Correctness]) VALUES (1071, 31, N'sample ans', 1002, 1016, 1)
INSERT INTO [dbo].[Answer] ([AnswerID], [Index], [WrittenAnswer], [CandidateID], [RecordingID], [Correctness]) VALUES (1072, 32, N'sample ans', 1002, 1016, 1)
INSERT INTO [dbo].[Answer] ([AnswerID], [Index], [WrittenAnswer], [CandidateID], [RecordingID], [Correctness]) VALUES (1073, 33, N'sample ans', 1002, 1016, 1)
INSERT INTO [dbo].[Answer] ([AnswerID], [Index], [WrittenAnswer], [CandidateID], [RecordingID], [Correctness]) VALUES (1074, 34, N'sample ans', 1002, 1016, 1)
INSERT INTO [dbo].[Answer] ([AnswerID], [Index], [WrittenAnswer], [CandidateID], [RecordingID], [Correctness]) VALUES (1075, 35, N'sample ans', 1002, 1016, 1)
INSERT INTO [dbo].[Answer] ([AnswerID], [Index], [WrittenAnswer], [CandidateID], [RecordingID], [Correctness]) VALUES (1076, 36, N'sample ans', 1002, 1016, 0)
INSERT INTO [dbo].[Answer] ([AnswerID], [Index], [WrittenAnswer], [CandidateID], [RecordingID], [Correctness]) VALUES (1077, 37, N'sample ans', 1002, 1016, 1)
INSERT INTO [dbo].[Answer] ([AnswerID], [Index], [WrittenAnswer], [CandidateID], [RecordingID], [Correctness]) VALUES (1078, 38, N'sample ans', 1002, 1016, 1)
INSERT INTO [dbo].[Answer] ([AnswerID], [Index], [WrittenAnswer], [CandidateID], [RecordingID], [Correctness]) VALUES (1079, 39, N'sample ans', 1002, 1016, 1)
INSERT INTO [dbo].[Answer] ([AnswerID], [Index], [WrittenAnswer], [CandidateID], [RecordingID], [Correctness]) VALUES (1080, 40, N'sample ans', 1002, 1016, 1)

INSERT INTO [dbo].[Answer] ([AnswerID], [Index], [WrittenAnswer], [CandidateID], [RecordingID], [Correctness]) VALUES (1081,  1, N'sample ans', 1003, 1013, 1)
INSERT INTO [dbo].[Answer] ([AnswerID], [Index], [WrittenAnswer], [CandidateID], [RecordingID], [Correctness]) VALUES (1082,  2, N'sample ans', 1003, 1013, 1)
INSERT INTO [dbo].[Answer] ([AnswerID], [Index], [WrittenAnswer], [CandidateID], [RecordingID], [Correctness]) VALUES (1083,  3, N'sample ans', 1003, 1013, 1)
INSERT INTO [dbo].[Answer] ([AnswerID], [Index], [WrittenAnswer], [CandidateID], [RecordingID], [Correctness]) VALUES (1084,  4, N'sample ans', 1003, 1013, 0)
INSERT INTO [dbo].[Answer] ([AnswerID], [Index], [WrittenAnswer], [CandidateID], [RecordingID], [Correctness]) VALUES (1085,  5, N'sample ans', 1003, 1013, 1)
INSERT INTO [dbo].[Answer] ([AnswerID], [Index], [WrittenAnswer], [CandidateID], [RecordingID], [Correctness]) VALUES (1086,  6, N'sample ans', 1003, 1013, 1)
INSERT INTO [dbo].[Answer] ([AnswerID], [Index], [WrittenAnswer], [CandidateID], [RecordingID], [Correctness]) VALUES (1087,  7, N'sample ans', 1003, 1013, 1)
INSERT INTO [dbo].[Answer] ([AnswerID], [Index], [WrittenAnswer], [CandidateID], [RecordingID], [Correctness]) VALUES (1088,  8, N'sample ans', 1003, 1013, 1)
INSERT INTO [dbo].[Answer] ([AnswerID], [Index], [WrittenAnswer], [CandidateID], [RecordingID], [Correctness]) VALUES (1089,  9, N'sample ans', 1003, 1013, 1)
INSERT INTO [dbo].[Answer] ([AnswerID], [Index], [WrittenAnswer], [CandidateID], [RecordingID], [Correctness]) VALUES (1090, 10, N'sample ans', 1003, 1013, 1)
INSERT INTO [dbo].[Answer] ([AnswerID], [Index], [WrittenAnswer], [CandidateID], [RecordingID], [Correctness]) VALUES (1091, 11, N'sample ans', 1003, 1006, 1)
INSERT INTO [dbo].[Answer] ([AnswerID], [Index], [WrittenAnswer], [CandidateID], [RecordingID], [Correctness]) VALUES (1092, 12, N'sample ans', 1003, 1006, 1)
INSERT INTO [dbo].[Answer] ([AnswerID], [Index], [WrittenAnswer], [CandidateID], [RecordingID], [Correctness]) VALUES (1093, 13, N'sample ans', 1003, 1006, 0)
INSERT INTO [dbo].[Answer] ([AnswerID], [Index], [WrittenAnswer], [CandidateID], [RecordingID], [Correctness]) VALUES (1094, 14, N'sample ans', 1003, 1006, 1)
INSERT INTO [dbo].[Answer] ([AnswerID], [Index], [WrittenAnswer], [CandidateID], [RecordingID], [Correctness]) VALUES (1095, 15, N'sample ans', 1003, 1006, 1)
INSERT INTO [dbo].[Answer] ([AnswerID], [Index], [WrittenAnswer], [CandidateID], [RecordingID], [Correctness]) VALUES (1096, 16, N'sample ans', 1003, 1006, 1)
INSERT INTO [dbo].[Answer] ([AnswerID], [Index], [WrittenAnswer], [CandidateID], [RecordingID], [Correctness]) VALUES (1097, 17, N'sample ans', 1003, 1006, 1)
INSERT INTO [dbo].[Answer] ([AnswerID], [Index], [WrittenAnswer], [CandidateID], [RecordingID], [Correctness]) VALUES (1098, 18, N'sample ans', 1003, 1006, 1)
INSERT INTO [dbo].[Answer] ([AnswerID], [Index], [WrittenAnswer], [CandidateID], [RecordingID], [Correctness]) VALUES (1099, 19, N'sample ans', 1003, 1006, 1)
INSERT INTO [dbo].[Answer] ([AnswerID], [Index], [WrittenAnswer], [CandidateID], [RecordingID], [Correctness]) VALUES (1100, 20, N'sample ans', 1003, 1006, 1)
INSERT INTO [dbo].[Answer] ([AnswerID], [Index], [WrittenAnswer], [CandidateID], [RecordingID], [Correctness]) VALUES (1101, 21, N'sample ans', 1003, 1003, 1)
INSERT INTO [dbo].[Answer] ([AnswerID], [Index], [WrittenAnswer], [CandidateID], [RecordingID], [Correctness]) VALUES (1102, 22, N'sample ans', 1003, 1003, 0)
INSERT INTO [dbo].[Answer] ([AnswerID], [Index], [WrittenAnswer], [CandidateID], [RecordingID], [Correctness]) VALUES (1103, 23, N'sample ans', 1003, 1003, 1)
INSERT INTO [dbo].[Answer] ([AnswerID], [Index], [WrittenAnswer], [CandidateID], [RecordingID], [Correctness]) VALUES (1104, 24, N'sample ans', 1003, 1003, 1)
INSERT INTO [dbo].[Answer] ([AnswerID], [Index], [WrittenAnswer], [CandidateID], [RecordingID], [Correctness]) VALUES (1105, 25, N'sample ans', 1003, 1003, 1)
INSERT INTO [dbo].[Answer] ([AnswerID], [Index], [WrittenAnswer], [CandidateID], [RecordingID], [Correctness]) VALUES (1106, 26, N'sample ans', 1003, 1003, 1)
INSERT INTO [dbo].[Answer] ([AnswerID], [Index], [WrittenAnswer], [CandidateID], [RecordingID], [Correctness]) VALUES (1107, 27, N'sample ans', 1003, 1003, 1)
INSERT INTO [dbo].[Answer] ([AnswerID], [Index], [WrittenAnswer], [CandidateID], [RecordingID], [Correctness]) VALUES (1108, 28, N'sample ans', 1003, 1003, 1)
INSERT INTO [dbo].[Answer] ([AnswerID], [Index], [WrittenAnswer], [CandidateID], [RecordingID], [Correctness]) VALUES (1109, 29, N'sample ans', 1003, 1003, 1)
INSERT INTO [dbo].[Answer] ([AnswerID], [Index], [WrittenAnswer], [CandidateID], [RecordingID], [Correctness]) VALUES (1110, 30, N'sample ans', 1003, 1003, 1)
INSERT INTO [dbo].[Answer] ([AnswerID], [Index], [WrittenAnswer], [CandidateID], [RecordingID], [Correctness]) VALUES (1111, 31, N'sample ans', 1003, 1016, 0)
INSERT INTO [dbo].[Answer] ([AnswerID], [Index], [WrittenAnswer], [CandidateID], [RecordingID], [Correctness]) VALUES (1112, 32, N'sample ans', 1003, 1016, 1)
INSERT INTO [dbo].[Answer] ([AnswerID], [Index], [WrittenAnswer], [CandidateID], [RecordingID], [Correctness]) VALUES (1113, 33, N'sample ans', 1003, 1016, 1)
INSERT INTO [dbo].[Answer] ([AnswerID], [Index], [WrittenAnswer], [CandidateID], [RecordingID], [Correctness]) VALUES (1114, 34, N'sample ans', 1003, 1016, 1)
INSERT INTO [dbo].[Answer] ([AnswerID], [Index], [WrittenAnswer], [CandidateID], [RecordingID], [Correctness]) VALUES (1115, 35, N'sample ans', 1003, 1016, 1)
INSERT INTO [dbo].[Answer] ([AnswerID], [Index], [WrittenAnswer], [CandidateID], [RecordingID], [Correctness]) VALUES (1116, 36, N'sample ans', 1003, 1016, 1)
INSERT INTO [dbo].[Answer] ([AnswerID], [Index], [WrittenAnswer], [CandidateID], [RecordingID], [Correctness]) VALUES (1117, 37, N'sample ans', 1003, 1016, 0)
INSERT INTO [dbo].[Answer] ([AnswerID], [Index], [WrittenAnswer], [CandidateID], [RecordingID], [Correctness]) VALUES (1118, 38, N'sample ans', 1003, 1016, 1)
INSERT INTO [dbo].[Answer] ([AnswerID], [Index], [WrittenAnswer], [CandidateID], [RecordingID], [Correctness]) VALUES (1119, 39, N'sample ans', 1003, 1016, 1)
INSERT INTO [dbo].[Answer] ([AnswerID], [Index], [WrittenAnswer], [CandidateID], [RecordingID], [Correctness]) VALUES (1120, 40, N'sample ans', 1003, 1016, 1)

INSERT INTO [dbo].[Answer] ([AnswerID], [Index], [WrittenAnswer], [CandidateID], [RecordingID], [Correctness]) VALUES (1121,  1, N'sample ans', 1004, 1001, 0)
INSERT INTO [dbo].[Answer] ([AnswerID], [Index], [WrittenAnswer], [CandidateID], [RecordingID], [Correctness]) VALUES (1122,  2, N'sample ans', 1004, 1001, 1)
INSERT INTO [dbo].[Answer] ([AnswerID], [Index], [WrittenAnswer], [CandidateID], [RecordingID], [Correctness]) VALUES (1123,  3, N'sample ans', 1004, 1001, 0)
INSERT INTO [dbo].[Answer] ([AnswerID], [Index], [WrittenAnswer], [CandidateID], [RecordingID], [Correctness]) VALUES (1124,  4, N'sample ans', 1004, 1001, 0)
INSERT INTO [dbo].[Answer] ([AnswerID], [Index], [WrittenAnswer], [CandidateID], [RecordingID], [Correctness]) VALUES (1125,  5, N'sample ans', 1004, 1001, 1)
INSERT INTO [dbo].[Answer] ([AnswerID], [Index], [WrittenAnswer], [CandidateID], [RecordingID], [Correctness]) VALUES (1126,  6, N'sample ans', 1004, 1001, 1)
INSERT INTO [dbo].[Answer] ([AnswerID], [Index], [WrittenAnswer], [CandidateID], [RecordingID], [Correctness]) VALUES (1127,  7, N'sample ans', 1004, 1001, 1)
INSERT INTO [dbo].[Answer] ([AnswerID], [Index], [WrittenAnswer], [CandidateID], [RecordingID], [Correctness]) VALUES (1128,  8, N'sample ans', 1004, 1001, 1)
INSERT INTO [dbo].[Answer] ([AnswerID], [Index], [WrittenAnswer], [CandidateID], [RecordingID], [Correctness]) VALUES (1129,  9, N'sample ans', 1004, 1001, 1)
INSERT INTO [dbo].[Answer] ([AnswerID], [Index], [WrittenAnswer], [CandidateID], [RecordingID], [Correctness]) VALUES (1130, 10, N'sample ans', 1004, 1001, 1)
INSERT INTO [dbo].[Answer] ([AnswerID], [Index], [WrittenAnswer], [CandidateID], [RecordingID], [Correctness]) VALUES (1131, 11, N'sample ans', 1004, 1006, 1)
INSERT INTO [dbo].[Answer] ([AnswerID], [Index], [WrittenAnswer], [CandidateID], [RecordingID], [Correctness]) VALUES (1132, 12, N'sample ans', 1004, 1006, 1)
INSERT INTO [dbo].[Answer] ([AnswerID], [Index], [WrittenAnswer], [CandidateID], [RecordingID], [Correctness]) VALUES (1133, 13, N'sample ans', 1004, 1006, 1)
INSERT INTO [dbo].[Answer] ([AnswerID], [Index], [WrittenAnswer], [CandidateID], [RecordingID], [Correctness]) VALUES (1134, 14, N'sample ans', 1004, 1006, 1)
INSERT INTO [dbo].[Answer] ([AnswerID], [Index], [WrittenAnswer], [CandidateID], [RecordingID], [Correctness]) VALUES (1135, 15, N'sample ans', 1004, 1006, 1)
INSERT INTO [dbo].[Answer] ([AnswerID], [Index], [WrittenAnswer], [CandidateID], [RecordingID], [Correctness]) VALUES (1136, 16, N'sample ans', 1004, 1006, 1)
INSERT INTO [dbo].[Answer] ([AnswerID], [Index], [WrittenAnswer], [CandidateID], [RecordingID], [Correctness]) VALUES (1137, 17, N'sample ans', 1004, 1006, 1)
INSERT INTO [dbo].[Answer] ([AnswerID], [Index], [WrittenAnswer], [CandidateID], [RecordingID], [Correctness]) VALUES (1138, 18, N'sample ans', 1004, 1006, 1)
INSERT INTO [dbo].[Answer] ([AnswerID], [Index], [WrittenAnswer], [CandidateID], [RecordingID], [Correctness]) VALUES (1139, 19, N'sample ans', 1004, 1006, 1)
INSERT INTO [dbo].[Answer] ([AnswerID], [Index], [WrittenAnswer], [CandidateID], [RecordingID], [Correctness]) VALUES (1140, 20, N'sample ans', 1004, 1006, 0)
INSERT INTO [dbo].[Answer] ([AnswerID], [Index], [WrittenAnswer], [CandidateID], [RecordingID], [Correctness]) VALUES (1141, 21, N'sample ans', 1004, 1003, 1)
INSERT INTO [dbo].[Answer] ([AnswerID], [Index], [WrittenAnswer], [CandidateID], [RecordingID], [Correctness]) VALUES (1142, 22, N'sample ans', 1004, 1003, 0)
INSERT INTO [dbo].[Answer] ([AnswerID], [Index], [WrittenAnswer], [CandidateID], [RecordingID], [Correctness]) VALUES (1143, 23, N'sample ans', 1004, 1003, 1)
INSERT INTO [dbo].[Answer] ([AnswerID], [Index], [WrittenAnswer], [CandidateID], [RecordingID], [Correctness]) VALUES (1144, 24, N'sample ans', 1004, 1003, 1)
INSERT INTO [dbo].[Answer] ([AnswerID], [Index], [WrittenAnswer], [CandidateID], [RecordingID], [Correctness]) VALUES (1145, 25, N'sample ans', 1004, 1003, 1)
INSERT INTO [dbo].[Answer] ([AnswerID], [Index], [WrittenAnswer], [CandidateID], [RecordingID], [Correctness]) VALUES (1146, 26, N'sample ans', 1004, 1003, 1)
INSERT INTO [dbo].[Answer] ([AnswerID], [Index], [WrittenAnswer], [CandidateID], [RecordingID], [Correctness]) VALUES (1147, 27, N'sample ans', 1004, 1003, 1)
INSERT INTO [dbo].[Answer] ([AnswerID], [Index], [WrittenAnswer], [CandidateID], [RecordingID], [Correctness]) VALUES (1148, 28, N'sample ans', 1004, 1003, 1)
INSERT INTO [dbo].[Answer] ([AnswerID], [Index], [WrittenAnswer], [CandidateID], [RecordingID], [Correctness]) VALUES (1149, 29, N'sample ans', 1004, 1003, 1)
INSERT INTO [dbo].[Answer] ([AnswerID], [Index], [WrittenAnswer], [CandidateID], [RecordingID], [Correctness]) VALUES (1150, 30, N'sample ans', 1004, 1003, 1)
INSERT INTO [dbo].[Answer] ([AnswerID], [Index], [WrittenAnswer], [CandidateID], [RecordingID], [Correctness]) VALUES (1151, 31, N'sample ans', 1004, 1004, 0)
INSERT INTO [dbo].[Answer] ([AnswerID], [Index], [WrittenAnswer], [CandidateID], [RecordingID], [Correctness]) VALUES (1152, 32, N'sample ans', 1004, 1004, 1)
INSERT INTO [dbo].[Answer] ([AnswerID], [Index], [WrittenAnswer], [CandidateID], [RecordingID], [Correctness]) VALUES (1153, 33, N'sample ans', 1004, 1004, 1)
INSERT INTO [dbo].[Answer] ([AnswerID], [Index], [WrittenAnswer], [CandidateID], [RecordingID], [Correctness]) VALUES (1154, 34, N'sample ans', 1004, 1004, 1)
INSERT INTO [dbo].[Answer] ([AnswerID], [Index], [WrittenAnswer], [CandidateID], [RecordingID], [Correctness]) VALUES (1155, 35, N'sample ans', 1004, 1004, 1)
INSERT INTO [dbo].[Answer] ([AnswerID], [Index], [WrittenAnswer], [CandidateID], [RecordingID], [Correctness]) VALUES (1156, 36, N'sample ans', 1004, 1004, 1)
INSERT INTO [dbo].[Answer] ([AnswerID], [Index], [WrittenAnswer], [CandidateID], [RecordingID], [Correctness]) VALUES (1157, 37, N'sample ans', 1004, 1004, 0)
INSERT INTO [dbo].[Answer] ([AnswerID], [Index], [WrittenAnswer], [CandidateID], [RecordingID], [Correctness]) VALUES (1158, 38, N'sample ans', 1004, 1004, 1)
INSERT INTO [dbo].[Answer] ([AnswerID], [Index], [WrittenAnswer], [CandidateID], [RecordingID], [Correctness]) VALUES (1159, 39, N'sample ans', 1004, 1004, 1)
INSERT INTO [dbo].[Answer] ([AnswerID], [Index], [WrittenAnswer], [CandidateID], [RecordingID], [Correctness]) VALUES (1160, 40, N'sample ans', 1004, 1004, 1)

INSERT INTO [dbo].[Answer] ([AnswerID], [Index], [WrittenAnswer], [CandidateID], [RecordingID], [Correctness]) VALUES (1161,  1, N'sample ans', 1005, 1013, 1)
INSERT INTO [dbo].[Answer] ([AnswerID], [Index], [WrittenAnswer], [CandidateID], [RecordingID], [Correctness]) VALUES (1162,  2, N'sample ans', 1005, 1013, 1)
INSERT INTO [dbo].[Answer] ([AnswerID], [Index], [WrittenAnswer], [CandidateID], [RecordingID], [Correctness]) VALUES (1163,  3, N'sample ans', 1005, 1013, 0)
INSERT INTO [dbo].[Answer] ([AnswerID], [Index], [WrittenAnswer], [CandidateID], [RecordingID], [Correctness]) VALUES (1164,  4, N'sample ans', 1005, 1013, 1)
INSERT INTO [dbo].[Answer] ([AnswerID], [Index], [WrittenAnswer], [CandidateID], [RecordingID], [Correctness]) VALUES (1165,  5, N'sample ans', 1005, 1013, 1)
INSERT INTO [dbo].[Answer] ([AnswerID], [Index], [WrittenAnswer], [CandidateID], [RecordingID], [Correctness]) VALUES (1166,  6, N'sample ans', 1005, 1013, 1)
INSERT INTO [dbo].[Answer] ([AnswerID], [Index], [WrittenAnswer], [CandidateID], [RecordingID], [Correctness]) VALUES (1167,  7, N'sample ans', 1005, 1013, 1)
INSERT INTO [dbo].[Answer] ([AnswerID], [Index], [WrittenAnswer], [CandidateID], [RecordingID], [Correctness]) VALUES (1168,  8, N'sample ans', 1005, 1013, 1)
INSERT INTO [dbo].[Answer] ([AnswerID], [Index], [WrittenAnswer], [CandidateID], [RecordingID], [Correctness]) VALUES (1169,  9, N'sample ans', 1005, 1013, 1)
INSERT INTO [dbo].[Answer] ([AnswerID], [Index], [WrittenAnswer], [CandidateID], [RecordingID], [Correctness]) VALUES (1170, 10, N'sample ans', 1005, 1013, 1)
INSERT INTO [dbo].[Answer] ([AnswerID], [Index], [WrittenAnswer], [CandidateID], [RecordingID], [Correctness]) VALUES (1171, 11, N'sample ans', 1005, 1002, 1)
INSERT INTO [dbo].[Answer] ([AnswerID], [Index], [WrittenAnswer], [CandidateID], [RecordingID], [Correctness]) VALUES (1172, 12, N'sample ans', 1005, 1002, 0)
INSERT INTO [dbo].[Answer] ([AnswerID], [Index], [WrittenAnswer], [CandidateID], [RecordingID], [Correctness]) VALUES (1173, 13, N'sample ans', 1005, 1002, 1)
INSERT INTO [dbo].[Answer] ([AnswerID], [Index], [WrittenAnswer], [CandidateID], [RecordingID], [Correctness]) VALUES (1174, 14, N'sample ans', 1005, 1002, 1)
INSERT INTO [dbo].[Answer] ([AnswerID], [Index], [WrittenAnswer], [CandidateID], [RecordingID], [Correctness]) VALUES (1175, 15, N'sample ans', 1005, 1002, 1)
INSERT INTO [dbo].[Answer] ([AnswerID], [Index], [WrittenAnswer], [CandidateID], [RecordingID], [Correctness]) VALUES (1176, 16, N'sample ans', 1005, 1002, 1)
INSERT INTO [dbo].[Answer] ([AnswerID], [Index], [WrittenAnswer], [CandidateID], [RecordingID], [Correctness]) VALUES (1177, 17, N'sample ans', 1005, 1002, 0)
INSERT INTO [dbo].[Answer] ([AnswerID], [Index], [WrittenAnswer], [CandidateID], [RecordingID], [Correctness]) VALUES (1178, 18, N'sample ans', 1005, 1002, 0)
INSERT INTO [dbo].[Answer] ([AnswerID], [Index], [WrittenAnswer], [CandidateID], [RecordingID], [Correctness]) VALUES (1179, 19, N'sample ans', 1005, 1002, 1)
INSERT INTO [dbo].[Answer] ([AnswerID], [Index], [WrittenAnswer], [CandidateID], [RecordingID], [Correctness]) VALUES (1180, 20, N'sample ans', 1005, 1002, 1)
INSERT INTO [dbo].[Answer] ([AnswerID], [Index], [WrittenAnswer], [CandidateID], [RecordingID], [Correctness]) VALUES (1181, 21, N'sample ans', 1005, 1007, 0)
INSERT INTO [dbo].[Answer] ([AnswerID], [Index], [WrittenAnswer], [CandidateID], [RecordingID], [Correctness]) VALUES (1182, 22, N'sample ans', 1005, 1007, 0)
INSERT INTO [dbo].[Answer] ([AnswerID], [Index], [WrittenAnswer], [CandidateID], [RecordingID], [Correctness]) VALUES (1183, 23, N'sample ans', 1005, 1007, 1)
INSERT INTO [dbo].[Answer] ([AnswerID], [Index], [WrittenAnswer], [CandidateID], [RecordingID], [Correctness]) VALUES (1184, 24, N'sample ans', 1005, 1007, 1)
INSERT INTO [dbo].[Answer] ([AnswerID], [Index], [WrittenAnswer], [CandidateID], [RecordingID], [Correctness]) VALUES (1185, 25, N'sample ans', 1005, 1007, 1)
INSERT INTO [dbo].[Answer] ([AnswerID], [Index], [WrittenAnswer], [CandidateID], [RecordingID], [Correctness]) VALUES (1186, 26, N'sample ans', 1005, 1007, 1)
INSERT INTO [dbo].[Answer] ([AnswerID], [Index], [WrittenAnswer], [CandidateID], [RecordingID], [Correctness]) VALUES (1187, 27, N'sample ans', 1005, 1007, 1)
INSERT INTO [dbo].[Answer] ([AnswerID], [Index], [WrittenAnswer], [CandidateID], [RecordingID], [Correctness]) VALUES (1188, 28, N'sample ans', 1005, 1007, 1)
INSERT INTO [dbo].[Answer] ([AnswerID], [Index], [WrittenAnswer], [CandidateID], [RecordingID], [Correctness]) VALUES (1189, 29, N'sample ans', 1005, 1007, 1)
INSERT INTO [dbo].[Answer] ([AnswerID], [Index], [WrittenAnswer], [CandidateID], [RecordingID], [Correctness]) VALUES (1190, 30, N'sample ans', 1005, 1007, 0)
INSERT INTO [dbo].[Answer] ([AnswerID], [Index], [WrittenAnswer], [CandidateID], [RecordingID], [Correctness]) VALUES (1191, 31, N'sample ans', 1005, 1008, 1)
INSERT INTO [dbo].[Answer] ([AnswerID], [Index], [WrittenAnswer], [CandidateID], [RecordingID], [Correctness]) VALUES (1192, 32, N'sample ans', 1005, 1008, 1)
INSERT INTO [dbo].[Answer] ([AnswerID], [Index], [WrittenAnswer], [CandidateID], [RecordingID], [Correctness]) VALUES (1193, 33, N'sample ans', 1005, 1008, 1)
INSERT INTO [dbo].[Answer] ([AnswerID], [Index], [WrittenAnswer], [CandidateID], [RecordingID], [Correctness]) VALUES (1194, 34, N'sample ans', 1005, 1008, 1)
INSERT INTO [dbo].[Answer] ([AnswerID], [Index], [WrittenAnswer], [CandidateID], [RecordingID], [Correctness]) VALUES (1195, 35, N'sample ans', 1005, 1008, 1)
INSERT INTO [dbo].[Answer] ([AnswerID], [Index], [WrittenAnswer], [CandidateID], [RecordingID], [Correctness]) VALUES (1196, 36, N'sample ans', 1005, 1008, 1)
INSERT INTO [dbo].[Answer] ([AnswerID], [Index], [WrittenAnswer], [CandidateID], [RecordingID], [Correctness]) VALUES (1197, 37, N'sample ans', 1005, 1008, 0)
INSERT INTO [dbo].[Answer] ([AnswerID], [Index], [WrittenAnswer], [CandidateID], [RecordingID], [Correctness]) VALUES (1198, 38, N'sample ans', 1005, 1008, 1)
INSERT INTO [dbo].[Answer] ([AnswerID], [Index], [WrittenAnswer], [CandidateID], [RecordingID], [Correctness]) VALUES (1199, 39, N'sample ans', 1005, 1008, 1)
INSERT INTO [dbo].[Answer] ([AnswerID], [Index], [WrittenAnswer], [CandidateID], [RecordingID], [Correctness]) VALUES (1200, 40, N'sample ans', 1005, 1008, 1)

INSERT INTO [dbo].[Answer] ([AnswerID], [Index], [WrittenAnswer], [CandidateID], [RecordingID], [Correctness]) VALUES (1201,  1, N'sample ans', 1006, 1005, 1)
INSERT INTO [dbo].[Answer] ([AnswerID], [Index], [WrittenAnswer], [CandidateID], [RecordingID], [Correctness]) VALUES (1202,  2, N'sample ans', 1006, 1005, 1)
INSERT INTO [dbo].[Answer] ([AnswerID], [Index], [WrittenAnswer], [CandidateID], [RecordingID], [Correctness]) VALUES (1203,  3, N'sample ans', 1006, 1005, 1)
INSERT INTO [dbo].[Answer] ([AnswerID], [Index], [WrittenAnswer], [CandidateID], [RecordingID], [Correctness]) VALUES (1204,  4, N'sample ans', 1006, 1005, 0)
INSERT INTO [dbo].[Answer] ([AnswerID], [Index], [WrittenAnswer], [CandidateID], [RecordingID], [Correctness]) VALUES (1205,  5, N'sample ans', 1006, 1005, 0)
INSERT INTO [dbo].[Answer] ([AnswerID], [Index], [WrittenAnswer], [CandidateID], [RecordingID], [Correctness]) VALUES (1206,  6, N'sample ans', 1006, 1005, 1)
INSERT INTO [dbo].[Answer] ([AnswerID], [Index], [WrittenAnswer], [CandidateID], [RecordingID], [Correctness]) VALUES (1207,  7, N'sample ans', 1006, 1005, 1)
INSERT INTO [dbo].[Answer] ([AnswerID], [Index], [WrittenAnswer], [CandidateID], [RecordingID], [Correctness]) VALUES (1208,  8, N'sample ans', 1006, 1005, 1)
INSERT INTO [dbo].[Answer] ([AnswerID], [Index], [WrittenAnswer], [CandidateID], [RecordingID], [Correctness]) VALUES (1209,  9, N'sample ans', 1006, 1005, 1)
INSERT INTO [dbo].[Answer] ([AnswerID], [Index], [WrittenAnswer], [CandidateID], [RecordingID], [Correctness]) VALUES (1210, 10, N'sample ans', 1006, 1005, 1)
INSERT INTO [dbo].[Answer] ([AnswerID], [Index], [WrittenAnswer], [CandidateID], [RecordingID], [Correctness]) VALUES (1211, 11, N'sample ans', 1006, 1010, 1)
INSERT INTO [dbo].[Answer] ([AnswerID], [Index], [WrittenAnswer], [CandidateID], [RecordingID], [Correctness]) VALUES (1212, 12, N'sample ans', 1006, 1010, 1)
INSERT INTO [dbo].[Answer] ([AnswerID], [Index], [WrittenAnswer], [CandidateID], [RecordingID], [Correctness]) VALUES (1213, 13, N'sample ans', 1006, 1010, 0)
INSERT INTO [dbo].[Answer] ([AnswerID], [Index], [WrittenAnswer], [CandidateID], [RecordingID], [Correctness]) VALUES (1214, 14, N'sample ans', 1006, 1010, 1)
INSERT INTO [dbo].[Answer] ([AnswerID], [Index], [WrittenAnswer], [CandidateID], [RecordingID], [Correctness]) VALUES (1215, 15, N'sample ans', 1006, 1010, 0)
INSERT INTO [dbo].[Answer] ([AnswerID], [Index], [WrittenAnswer], [CandidateID], [RecordingID], [Correctness]) VALUES (1216, 16, N'sample ans', 1006, 1010, 1)
INSERT INTO [dbo].[Answer] ([AnswerID], [Index], [WrittenAnswer], [CandidateID], [RecordingID], [Correctness]) VALUES (1217, 17, N'sample ans', 1006, 1010, 1)
INSERT INTO [dbo].[Answer] ([AnswerID], [Index], [WrittenAnswer], [CandidateID], [RecordingID], [Correctness]) VALUES (1218, 18, N'sample ans', 1006, 1010, 1)
INSERT INTO [dbo].[Answer] ([AnswerID], [Index], [WrittenAnswer], [CandidateID], [RecordingID], [Correctness]) VALUES (1219, 19, N'sample ans', 1006, 1010, 1)
INSERT INTO [dbo].[Answer] ([AnswerID], [Index], [WrittenAnswer], [CandidateID], [RecordingID], [Correctness]) VALUES (1220, 20, N'sample ans', 1006, 1010, 1)
INSERT INTO [dbo].[Answer] ([AnswerID], [Index], [WrittenAnswer], [CandidateID], [RecordingID], [Correctness]) VALUES (1221, 21, N'sample ans', 1006, 1015, 0)
INSERT INTO [dbo].[Answer] ([AnswerID], [Index], [WrittenAnswer], [CandidateID], [RecordingID], [Correctness]) VALUES (1222, 22, N'sample ans', 1006, 1015, 0)
INSERT INTO [dbo].[Answer] ([AnswerID], [Index], [WrittenAnswer], [CandidateID], [RecordingID], [Correctness]) VALUES (1223, 23, N'sample ans', 1006, 1015, 1)
INSERT INTO [dbo].[Answer] ([AnswerID], [Index], [WrittenAnswer], [CandidateID], [RecordingID], [Correctness]) VALUES (1224, 24, N'sample ans', 1006, 1015, 1)
INSERT INTO [dbo].[Answer] ([AnswerID], [Index], [WrittenAnswer], [CandidateID], [RecordingID], [Correctness]) VALUES (1225, 25, N'sample ans', 1006, 1015, 1)
INSERT INTO [dbo].[Answer] ([AnswerID], [Index], [WrittenAnswer], [CandidateID], [RecordingID], [Correctness]) VALUES (1226, 26, N'sample ans', 1006, 1015, 1)
INSERT INTO [dbo].[Answer] ([AnswerID], [Index], [WrittenAnswer], [CandidateID], [RecordingID], [Correctness]) VALUES (1227, 27, N'sample ans', 1006, 1015, 1)
INSERT INTO [dbo].[Answer] ([AnswerID], [Index], [WrittenAnswer], [CandidateID], [RecordingID], [Correctness]) VALUES (1228, 28, N'sample ans', 1006, 1015, 1)
INSERT INTO [dbo].[Answer] ([AnswerID], [Index], [WrittenAnswer], [CandidateID], [RecordingID], [Correctness]) VALUES (1229, 29, N'sample ans', 1006, 1015, 0)
INSERT INTO [dbo].[Answer] ([AnswerID], [Index], [WrittenAnswer], [CandidateID], [RecordingID], [Correctness]) VALUES (1230, 30, N'sample ans', 1006, 1015, 1)
INSERT INTO [dbo].[Answer] ([AnswerID], [Index], [WrittenAnswer], [CandidateID], [RecordingID], [Correctness]) VALUES (1231, 31, N'sample ans', 1006, 1008, 1)
INSERT INTO [dbo].[Answer] ([AnswerID], [Index], [WrittenAnswer], [CandidateID], [RecordingID], [Correctness]) VALUES (1232, 32, N'sample ans', 1006, 1008, 1)
INSERT INTO [dbo].[Answer] ([AnswerID], [Index], [WrittenAnswer], [CandidateID], [RecordingID], [Correctness]) VALUES (1233, 33, N'sample ans', 1006, 1008, 0)
INSERT INTO [dbo].[Answer] ([AnswerID], [Index], [WrittenAnswer], [CandidateID], [RecordingID], [Correctness]) VALUES (1234, 34, N'sample ans', 1006, 1008, 0)
INSERT INTO [dbo].[Answer] ([AnswerID], [Index], [WrittenAnswer], [CandidateID], [RecordingID], [Correctness]) VALUES (1235, 35, N'sample ans', 1006, 1008, 1)
INSERT INTO [dbo].[Answer] ([AnswerID], [Index], [WrittenAnswer], [CandidateID], [RecordingID], [Correctness]) VALUES (1236, 36, N'sample ans', 1006, 1008, 1)
INSERT INTO [dbo].[Answer] ([AnswerID], [Index], [WrittenAnswer], [CandidateID], [RecordingID], [Correctness]) VALUES (1237, 37, N'sample ans', 1006, 1008, 1)
INSERT INTO [dbo].[Answer] ([AnswerID], [Index], [WrittenAnswer], [CandidateID], [RecordingID], [Correctness]) VALUES (1238, 38, N'sample ans', 1006, 1008, 0)
INSERT INTO [dbo].[Answer] ([AnswerID], [Index], [WrittenAnswer], [CandidateID], [RecordingID], [Correctness]) VALUES (1239, 39, N'sample ans', 1006, 1008, 1)
INSERT INTO [dbo].[Answer] ([AnswerID], [Index], [WrittenAnswer], [CandidateID], [RecordingID], [Correctness]) VALUES (1240, 40, N'sample ans', 1006, 1008, 0)

INSERT INTO [dbo].[Answer] ([AnswerID], [Index], [WrittenAnswer], [CandidateID], [RecordingID], [Correctness]) VALUES (1241,  1, N'sample ans', 1007, 1001, 1)
INSERT INTO [dbo].[Answer] ([AnswerID], [Index], [WrittenAnswer], [CandidateID], [RecordingID], [Correctness]) VALUES (1242,  2, N'sample ans', 1007, 1001, 1)
INSERT INTO [dbo].[Answer] ([AnswerID], [Index], [WrittenAnswer], [CandidateID], [RecordingID], [Correctness]) VALUES (1243,  3, N'sample ans', 1007, 1001, 1)
INSERT INTO [dbo].[Answer] ([AnswerID], [Index], [WrittenAnswer], [CandidateID], [RecordingID], [Correctness]) VALUES (1244,  4, N'sample ans', 1007, 1001, 1)
INSERT INTO [dbo].[Answer] ([AnswerID], [Index], [WrittenAnswer], [CandidateID], [RecordingID], [Correctness]) VALUES (1245,  5, N'sample ans', 1007, 1001, 1)
INSERT INTO [dbo].[Answer] ([AnswerID], [Index], [WrittenAnswer], [CandidateID], [RecordingID], [Correctness]) VALUES (1246,  6, N'sample ans', 1007, 1001, 1)
INSERT INTO [dbo].[Answer] ([AnswerID], [Index], [WrittenAnswer], [CandidateID], [RecordingID], [Correctness]) VALUES (1247,  7, N'sample ans', 1007, 1001, 1)
INSERT INTO [dbo].[Answer] ([AnswerID], [Index], [WrittenAnswer], [CandidateID], [RecordingID], [Correctness]) VALUES (1248,  8, N'sample ans', 1007, 1001, 1)
INSERT INTO [dbo].[Answer] ([AnswerID], [Index], [WrittenAnswer], [CandidateID], [RecordingID], [Correctness]) VALUES (1249,  9, N'sample ans', 1007, 1001, 1)
INSERT INTO [dbo].[Answer] ([AnswerID], [Index], [WrittenAnswer], [CandidateID], [RecordingID], [Correctness]) VALUES (1250, 10, N'sample ans', 1007, 1001, 1)
INSERT INTO [dbo].[Answer] ([AnswerID], [Index], [WrittenAnswer], [CandidateID], [RecordingID], [Correctness]) VALUES (1251, 11, N'sample ans', 1007, 1006, 1)
INSERT INTO [dbo].[Answer] ([AnswerID], [Index], [WrittenAnswer], [CandidateID], [RecordingID], [Correctness]) VALUES (1252, 12, N'sample ans', 1007, 1006, 0)
INSERT INTO [dbo].[Answer] ([AnswerID], [Index], [WrittenAnswer], [CandidateID], [RecordingID], [Correctness]) VALUES (1253, 13, N'sample ans', 1007, 1006, 1)
INSERT INTO [dbo].[Answer] ([AnswerID], [Index], [WrittenAnswer], [CandidateID], [RecordingID], [Correctness]) VALUES (1254, 14, N'sample ans', 1007, 1006, 1)
INSERT INTO [dbo].[Answer] ([AnswerID], [Index], [WrittenAnswer], [CandidateID], [RecordingID], [Correctness]) VALUES (1255, 15, N'sample ans', 1007, 1006, 1)
INSERT INTO [dbo].[Answer] ([AnswerID], [Index], [WrittenAnswer], [CandidateID], [RecordingID], [Correctness]) VALUES (1256, 16, N'sample ans', 1007, 1006, 1)
INSERT INTO [dbo].[Answer] ([AnswerID], [Index], [WrittenAnswer], [CandidateID], [RecordingID], [Correctness]) VALUES (1257, 17, N'sample ans', 1007, 1006, 1)
INSERT INTO [dbo].[Answer] ([AnswerID], [Index], [WrittenAnswer], [CandidateID], [RecordingID], [Correctness]) VALUES (1258, 18, N'sample ans', 1007, 1006, 1)
INSERT INTO [dbo].[Answer] ([AnswerID], [Index], [WrittenAnswer], [CandidateID], [RecordingID], [Correctness]) VALUES (1259, 19, N'sample ans', 1007, 1006, 1)
INSERT INTO [dbo].[Answer] ([AnswerID], [Index], [WrittenAnswer], [CandidateID], [RecordingID], [Correctness]) VALUES (1260, 20, N'sample ans', 1007, 1006, 1)
INSERT INTO [dbo].[Answer] ([AnswerID], [Index], [WrittenAnswer], [CandidateID], [RecordingID], [Correctness]) VALUES (1261, 21, N'sample ans', 1007, 1011, 0)
INSERT INTO [dbo].[Answer] ([AnswerID], [Index], [WrittenAnswer], [CandidateID], [RecordingID], [Correctness]) VALUES (1262, 22, N'sample ans', 1007, 1011, 1)
INSERT INTO [dbo].[Answer] ([AnswerID], [Index], [WrittenAnswer], [CandidateID], [RecordingID], [Correctness]) VALUES (1263, 23, N'sample ans', 1007, 1011, 1)
INSERT INTO [dbo].[Answer] ([AnswerID], [Index], [WrittenAnswer], [CandidateID], [RecordingID], [Correctness]) VALUES (1264, 24, N'sample ans', 1007, 1011, 1)
INSERT INTO [dbo].[Answer] ([AnswerID], [Index], [WrittenAnswer], [CandidateID], [RecordingID], [Correctness]) VALUES (1265, 25, N'sample ans', 1007, 1011, 1)
INSERT INTO [dbo].[Answer] ([AnswerID], [Index], [WrittenAnswer], [CandidateID], [RecordingID], [Correctness]) VALUES (1266, 26, N'sample ans', 1007, 1011, 1)
INSERT INTO [dbo].[Answer] ([AnswerID], [Index], [WrittenAnswer], [CandidateID], [RecordingID], [Correctness]) VALUES (1267, 27, N'sample ans', 1007, 1011, 1)
INSERT INTO [dbo].[Answer] ([AnswerID], [Index], [WrittenAnswer], [CandidateID], [RecordingID], [Correctness]) VALUES (1268, 28, N'sample ans', 1007, 1011, 1)
INSERT INTO [dbo].[Answer] ([AnswerID], [Index], [WrittenAnswer], [CandidateID], [RecordingID], [Correctness]) VALUES (1269, 29, N'sample ans', 1007, 1011, 1)
INSERT INTO [dbo].[Answer] ([AnswerID], [Index], [WrittenAnswer], [CandidateID], [RecordingID], [Correctness]) VALUES (1270, 30, N'sample ans', 1007, 1011, 1)
INSERT INTO [dbo].[Answer] ([AnswerID], [Index], [WrittenAnswer], [CandidateID], [RecordingID], [Correctness]) VALUES (1271, 31, N'sample ans', 1007, 1004, 0)
INSERT INTO [dbo].[Answer] ([AnswerID], [Index], [WrittenAnswer], [CandidateID], [RecordingID], [Correctness]) VALUES (1272, 32, N'sample ans', 1007, 1004, 1)
INSERT INTO [dbo].[Answer] ([AnswerID], [Index], [WrittenAnswer], [CandidateID], [RecordingID], [Correctness]) VALUES (1273, 33, N'sample ans', 1007, 1004, 1)
INSERT INTO [dbo].[Answer] ([AnswerID], [Index], [WrittenAnswer], [CandidateID], [RecordingID], [Correctness]) VALUES (1274, 34, N'sample ans', 1007, 1004, 1)
INSERT INTO [dbo].[Answer] ([AnswerID], [Index], [WrittenAnswer], [CandidateID], [RecordingID], [Correctness]) VALUES (1275, 35, N'sample ans', 1007, 1004, 1)
INSERT INTO [dbo].[Answer] ([AnswerID], [Index], [WrittenAnswer], [CandidateID], [RecordingID], [Correctness]) VALUES (1276, 36, N'sample ans', 1007, 1004, 1)
INSERT INTO [dbo].[Answer] ([AnswerID], [Index], [WrittenAnswer], [CandidateID], [RecordingID], [Correctness]) VALUES (1277, 37, N'sample ans', 1007, 1004, 1)
INSERT INTO [dbo].[Answer] ([AnswerID], [Index], [WrittenAnswer], [CandidateID], [RecordingID], [Correctness]) VALUES (1278, 38, N'sample ans', 1007, 1004, 1)
INSERT INTO [dbo].[Answer] ([AnswerID], [Index], [WrittenAnswer], [CandidateID], [RecordingID], [Correctness]) VALUES (1279, 39, N'sample ans', 1007, 1004, 1)
INSERT INTO [dbo].[Answer] ([AnswerID], [Index], [WrittenAnswer], [CandidateID], [RecordingID], [Correctness]) VALUES (1280, 40, N'sample ans', 1007, 1004, 0)

INSERT INTO [dbo].[Answer] ([AnswerID], [Index], [WrittenAnswer], [CandidateID], [RecordingID], [Correctness]) VALUES (1281,  1, N'sample ans', 1008, 1005, 0)
INSERT INTO [dbo].[Answer] ([AnswerID], [Index], [WrittenAnswer], [CandidateID], [RecordingID], [Correctness]) VALUES (1282,  2, N'sample ans', 1008, 1005, 1)
INSERT INTO [dbo].[Answer] ([AnswerID], [Index], [WrittenAnswer], [CandidateID], [RecordingID], [Correctness]) VALUES (1283,  3, N'sample ans', 1008, 1005, 1)
INSERT INTO [dbo].[Answer] ([AnswerID], [Index], [WrittenAnswer], [CandidateID], [RecordingID], [Correctness]) VALUES (1284,  4, N'sample ans', 1008, 1005, 1)
INSERT INTO [dbo].[Answer] ([AnswerID], [Index], [WrittenAnswer], [CandidateID], [RecordingID], [Correctness]) VALUES (1285,  5, N'sample ans', 1008, 1005, 1)
INSERT INTO [dbo].[Answer] ([AnswerID], [Index], [WrittenAnswer], [CandidateID], [RecordingID], [Correctness]) VALUES (1286,  6, N'sample ans', 1008, 1005, 1)
INSERT INTO [dbo].[Answer] ([AnswerID], [Index], [WrittenAnswer], [CandidateID], [RecordingID], [Correctness]) VALUES (1287,  7, N'sample ans', 1008, 1005, 1)
INSERT INTO [dbo].[Answer] ([AnswerID], [Index], [WrittenAnswer], [CandidateID], [RecordingID], [Correctness]) VALUES (1288,  8, N'sample ans', 1008, 1005, 0)
INSERT INTO [dbo].[Answer] ([AnswerID], [Index], [WrittenAnswer], [CandidateID], [RecordingID], [Correctness]) VALUES (1289,  9, N'sample ans', 1008, 1005, 1)
INSERT INTO [dbo].[Answer] ([AnswerID], [Index], [WrittenAnswer], [CandidateID], [RecordingID], [Correctness]) VALUES (1290, 10, N'sample ans', 1008, 1005, 1)
INSERT INTO [dbo].[Answer] ([AnswerID], [Index], [WrittenAnswer], [CandidateID], [RecordingID], [Correctness]) VALUES (1291, 11, N'sample ans', 1008, 1006, 1)
INSERT INTO [dbo].[Answer] ([AnswerID], [Index], [WrittenAnswer], [CandidateID], [RecordingID], [Correctness]) VALUES (1292, 12, N'sample ans', 1008, 1006, 1)
INSERT INTO [dbo].[Answer] ([AnswerID], [Index], [WrittenAnswer], [CandidateID], [RecordingID], [Correctness]) VALUES (1293, 13, N'sample ans', 1008, 1006, 1)
INSERT INTO [dbo].[Answer] ([AnswerID], [Index], [WrittenAnswer], [CandidateID], [RecordingID], [Correctness]) VALUES (1294, 14, N'sample ans', 1008, 1006, 1)
INSERT INTO [dbo].[Answer] ([AnswerID], [Index], [WrittenAnswer], [CandidateID], [RecordingID], [Correctness]) VALUES (1295, 15, N'sample ans', 1008, 1006, 1)
INSERT INTO [dbo].[Answer] ([AnswerID], [Index], [WrittenAnswer], [CandidateID], [RecordingID], [Correctness]) VALUES (1296, 16, N'sample ans', 1008, 1006, 0)
INSERT INTO [dbo].[Answer] ([AnswerID], [Index], [WrittenAnswer], [CandidateID], [RecordingID], [Correctness]) VALUES (1297, 17, N'sample ans', 1008, 1006, 1)
INSERT INTO [dbo].[Answer] ([AnswerID], [Index], [WrittenAnswer], [CandidateID], [RecordingID], [Correctness]) VALUES (1298, 18, N'sample ans', 1008, 1006, 1)
INSERT INTO [dbo].[Answer] ([AnswerID], [Index], [WrittenAnswer], [CandidateID], [RecordingID], [Correctness]) VALUES (1299, 19, N'sample ans', 1008, 1006, 1)
INSERT INTO [dbo].[Answer] ([AnswerID], [Index], [WrittenAnswer], [CandidateID], [RecordingID], [Correctness]) VALUES (1300, 20, N'sample ans', 1008, 1006, 1)
INSERT INTO [dbo].[Answer] ([AnswerID], [Index], [WrittenAnswer], [CandidateID], [RecordingID], [Correctness]) VALUES (1301, 21, N'sample ans', 1008, 1007, 1)
INSERT INTO [dbo].[Answer] ([AnswerID], [Index], [WrittenAnswer], [CandidateID], [RecordingID], [Correctness]) VALUES (1302, 22, N'sample ans', 1008, 1007, 1)
INSERT INTO [dbo].[Answer] ([AnswerID], [Index], [WrittenAnswer], [CandidateID], [RecordingID], [Correctness]) VALUES (1303, 23, N'sample ans', 1008, 1007, 0)
INSERT INTO [dbo].[Answer] ([AnswerID], [Index], [WrittenAnswer], [CandidateID], [RecordingID], [Correctness]) VALUES (1304, 24, N'sample ans', 1008, 1007, 1)
INSERT INTO [dbo].[Answer] ([AnswerID], [Index], [WrittenAnswer], [CandidateID], [RecordingID], [Correctness]) VALUES (1305, 25, N'sample ans', 1008, 1007, 1)
INSERT INTO [dbo].[Answer] ([AnswerID], [Index], [WrittenAnswer], [CandidateID], [RecordingID], [Correctness]) VALUES (1306, 26, N'sample ans', 1008, 1007, 1)
INSERT INTO [dbo].[Answer] ([AnswerID], [Index], [WrittenAnswer], [CandidateID], [RecordingID], [Correctness]) VALUES (1307, 27, N'sample ans', 1008, 1007, 1)
INSERT INTO [dbo].[Answer] ([AnswerID], [Index], [WrittenAnswer], [CandidateID], [RecordingID], [Correctness]) VALUES (1308, 28, N'sample ans', 1008, 1007, 1)
INSERT INTO [dbo].[Answer] ([AnswerID], [Index], [WrittenAnswer], [CandidateID], [RecordingID], [Correctness]) VALUES (1309, 29, N'sample ans', 1008, 1007, 1)
INSERT INTO [dbo].[Answer] ([AnswerID], [Index], [WrittenAnswer], [CandidateID], [RecordingID], [Correctness]) VALUES (1310, 30, N'sample ans', 1008, 1007, 1)
INSERT INTO [dbo].[Answer] ([AnswerID], [Index], [WrittenAnswer], [CandidateID], [RecordingID], [Correctness]) VALUES (1311, 31, N'sample ans', 1008, 1016, 0)
INSERT INTO [dbo].[Answer] ([AnswerID], [Index], [WrittenAnswer], [CandidateID], [RecordingID], [Correctness]) VALUES (1312, 32, N'sample ans', 1008, 1016, 1)
INSERT INTO [dbo].[Answer] ([AnswerID], [Index], [WrittenAnswer], [CandidateID], [RecordingID], [Correctness]) VALUES (1313, 33, N'sample ans', 1008, 1016, 1)
INSERT INTO [dbo].[Answer] ([AnswerID], [Index], [WrittenAnswer], [CandidateID], [RecordingID], [Correctness]) VALUES (1314, 34, N'sample ans', 1008, 1016, 1)
INSERT INTO [dbo].[Answer] ([AnswerID], [Index], [WrittenAnswer], [CandidateID], [RecordingID], [Correctness]) VALUES (1315, 35, N'sample ans', 1008, 1016, 1)
INSERT INTO [dbo].[Answer] ([AnswerID], [Index], [WrittenAnswer], [CandidateID], [RecordingID], [Correctness]) VALUES (1316, 36, N'sample ans', 1008, 1016, 1)
INSERT INTO [dbo].[Answer] ([AnswerID], [Index], [WrittenAnswer], [CandidateID], [RecordingID], [Correctness]) VALUES (1317, 37, N'sample ans', 1008, 1016, 1)
INSERT INTO [dbo].[Answer] ([AnswerID], [Index], [WrittenAnswer], [CandidateID], [RecordingID], [Correctness]) VALUES (1318, 38, N'sample ans', 1008, 1016, 1)
INSERT INTO [dbo].[Answer] ([AnswerID], [Index], [WrittenAnswer], [CandidateID], [RecordingID], [Correctness]) VALUES (1319, 39, N'sample ans', 1008, 1016, 1)
INSERT INTO [dbo].[Answer] ([AnswerID], [Index], [WrittenAnswer], [CandidateID], [RecordingID], [Correctness]) VALUES (1320, 40, N'sample ans', 1008, 1016, 1)

INSERT INTO [dbo].[Answer] ([AnswerID], [Index], [WrittenAnswer], [CandidateID], [RecordingID], [Correctness]) VALUES (1321,  1, N'sample ans', 1009, 1001, 0)
INSERT INTO [dbo].[Answer] ([AnswerID], [Index], [WrittenAnswer], [CandidateID], [RecordingID], [Correctness]) VALUES (1322,  2, N'sample ans', 1009, 1001, 1)
INSERT INTO [dbo].[Answer] ([AnswerID], [Index], [WrittenAnswer], [CandidateID], [RecordingID], [Correctness]) VALUES (1323,  3, N'sample ans', 1009, 1001, 1)
INSERT INTO [dbo].[Answer] ([AnswerID], [Index], [WrittenAnswer], [CandidateID], [RecordingID], [Correctness]) VALUES (1324,  4, N'sample ans', 1009, 1001, 1)
INSERT INTO [dbo].[Answer] ([AnswerID], [Index], [WrittenAnswer], [CandidateID], [RecordingID], [Correctness]) VALUES (1325,  5, N'sample ans', 1009, 1001, 1)
INSERT INTO [dbo].[Answer] ([AnswerID], [Index], [WrittenAnswer], [CandidateID], [RecordingID], [Correctness]) VALUES (1326,  6, N'sample ans', 1009, 1001, 1)
INSERT INTO [dbo].[Answer] ([AnswerID], [Index], [WrittenAnswer], [CandidateID], [RecordingID], [Correctness]) VALUES (1327,  7, N'sample ans', 1009, 1001, 0)
INSERT INTO [dbo].[Answer] ([AnswerID], [Index], [WrittenAnswer], [CandidateID], [RecordingID], [Correctness]) VALUES (1328,  8, N'sample ans', 1009, 1001, 1)
INSERT INTO [dbo].[Answer] ([AnswerID], [Index], [WrittenAnswer], [CandidateID], [RecordingID], [Correctness]) VALUES (1329,  9, N'sample ans', 1009, 1001, 1)
INSERT INTO [dbo].[Answer] ([AnswerID], [Index], [WrittenAnswer], [CandidateID], [RecordingID], [Correctness]) VALUES (1330, 10, N'sample ans', 1009, 1001, 1)
INSERT INTO [dbo].[Answer] ([AnswerID], [Index], [WrittenAnswer], [CandidateID], [RecordingID], [Correctness]) VALUES (1331, 11, N'sample ans', 1009, 1014, 1)
INSERT INTO [dbo].[Answer] ([AnswerID], [Index], [WrittenAnswer], [CandidateID], [RecordingID], [Correctness]) VALUES (1332, 12, N'sample ans', 1009, 1014, 1)
INSERT INTO [dbo].[Answer] ([AnswerID], [Index], [WrittenAnswer], [CandidateID], [RecordingID], [Correctness]) VALUES (1333, 13, N'sample ans', 1009, 1014, 1)
INSERT INTO [dbo].[Answer] ([AnswerID], [Index], [WrittenAnswer], [CandidateID], [RecordingID], [Correctness]) VALUES (1334, 14, N'sample ans', 1009, 1014, 0)
INSERT INTO [dbo].[Answer] ([AnswerID], [Index], [WrittenAnswer], [CandidateID], [RecordingID], [Correctness]) VALUES (1335, 15, N'sample ans', 1009, 1014, 1)
INSERT INTO [dbo].[Answer] ([AnswerID], [Index], [WrittenAnswer], [CandidateID], [RecordingID], [Correctness]) VALUES (1336, 16, N'sample ans', 1009, 1014, 1)
INSERT INTO [dbo].[Answer] ([AnswerID], [Index], [WrittenAnswer], [CandidateID], [RecordingID], [Correctness]) VALUES (1337, 17, N'sample ans', 1009, 1014, 1)
INSERT INTO [dbo].[Answer] ([AnswerID], [Index], [WrittenAnswer], [CandidateID], [RecordingID], [Correctness]) VALUES (1338, 18, N'sample ans', 1009, 1014, 1)
INSERT INTO [dbo].[Answer] ([AnswerID], [Index], [WrittenAnswer], [CandidateID], [RecordingID], [Correctness]) VALUES (1339, 19, N'sample ans', 1009, 1014, 1)
INSERT INTO [dbo].[Answer] ([AnswerID], [Index], [WrittenAnswer], [CandidateID], [RecordingID], [Correctness]) VALUES (1340, 20, N'sample ans', 1009, 1014, 1)
INSERT INTO [dbo].[Answer] ([AnswerID], [Index], [WrittenAnswer], [CandidateID], [RecordingID], [Correctness]) VALUES (1341, 21, N'sample ans', 1009, 1003, 1)
INSERT INTO [dbo].[Answer] ([AnswerID], [Index], [WrittenAnswer], [CandidateID], [RecordingID], [Correctness]) VALUES (1342, 22, N'sample ans', 1009, 1003, 1)
INSERT INTO [dbo].[Answer] ([AnswerID], [Index], [WrittenAnswer], [CandidateID], [RecordingID], [Correctness]) VALUES (1343, 23, N'sample ans', 1009, 1003, 1)
INSERT INTO [dbo].[Answer] ([AnswerID], [Index], [WrittenAnswer], [CandidateID], [RecordingID], [Correctness]) VALUES (1344, 24, N'sample ans', 1009, 1003, 1)
INSERT INTO [dbo].[Answer] ([AnswerID], [Index], [WrittenAnswer], [CandidateID], [RecordingID], [Correctness]) VALUES (1345, 25, N'sample ans', 1009, 1003, 1)
INSERT INTO [dbo].[Answer] ([AnswerID], [Index], [WrittenAnswer], [CandidateID], [RecordingID], [Correctness]) VALUES (1346, 26, N'sample ans', 1009, 1003, 1)
INSERT INTO [dbo].[Answer] ([AnswerID], [Index], [WrittenAnswer], [CandidateID], [RecordingID], [Correctness]) VALUES (1347, 27, N'sample ans', 1009, 1003, 1)
INSERT INTO [dbo].[Answer] ([AnswerID], [Index], [WrittenAnswer], [CandidateID], [RecordingID], [Correctness]) VALUES (1348, 28, N'sample ans', 1009, 1003, 1)
INSERT INTO [dbo].[Answer] ([AnswerID], [Index], [WrittenAnswer], [CandidateID], [RecordingID], [Correctness]) VALUES (1349, 29, N'sample ans', 1009, 1003, 0)
INSERT INTO [dbo].[Answer] ([AnswerID], [Index], [WrittenAnswer], [CandidateID], [RecordingID], [Correctness]) VALUES (1350, 30, N'sample ans', 1009, 1003, 1)
INSERT INTO [dbo].[Answer] ([AnswerID], [Index], [WrittenAnswer], [CandidateID], [RecordingID], [Correctness]) VALUES (1351, 31, N'sample ans', 1009, 1016, 1)
INSERT INTO [dbo].[Answer] ([AnswerID], [Index], [WrittenAnswer], [CandidateID], [RecordingID], [Correctness]) VALUES (1352, 32, N'sample ans', 1009, 1016, 1)
INSERT INTO [dbo].[Answer] ([AnswerID], [Index], [WrittenAnswer], [CandidateID], [RecordingID], [Correctness]) VALUES (1353, 33, N'sample ans', 1009, 1016, 1)
INSERT INTO [dbo].[Answer] ([AnswerID], [Index], [WrittenAnswer], [CandidateID], [RecordingID], [Correctness]) VALUES (1354, 34, N'sample ans', 1009, 1016, 1)
INSERT INTO [dbo].[Answer] ([AnswerID], [Index], [WrittenAnswer], [CandidateID], [RecordingID], [Correctness]) VALUES (1355, 35, N'sample ans', 1009, 1016, 1)
INSERT INTO [dbo].[Answer] ([AnswerID], [Index], [WrittenAnswer], [CandidateID], [RecordingID], [Correctness]) VALUES (1356, 36, N'sample ans', 1009, 1016, 1)
INSERT INTO [dbo].[Answer] ([AnswerID], [Index], [WrittenAnswer], [CandidateID], [RecordingID], [Correctness]) VALUES (1357, 37, N'sample ans', 1009, 1016, 1)
INSERT INTO [dbo].[Answer] ([AnswerID], [Index], [WrittenAnswer], [CandidateID], [RecordingID], [Correctness]) VALUES (1358, 38, N'sample ans', 1009, 1016, 1)
INSERT INTO [dbo].[Answer] ([AnswerID], [Index], [WrittenAnswer], [CandidateID], [RecordingID], [Correctness]) VALUES (1359, 39, N'sample ans', 1009, 1016, 1)
INSERT INTO [dbo].[Answer] ([AnswerID], [Index], [WrittenAnswer], [CandidateID], [RecordingID], [Correctness]) VALUES (1360, 40, N'sample ans', 1009, 1016, 1)

INSERT INTO [dbo].[Answer] ([AnswerID], [Index], [WrittenAnswer], [CandidateID], [RecordingID], [Correctness]) VALUES (1361,  1, N'sample ans', 1010, 1013, 1)
INSERT INTO [dbo].[Answer] ([AnswerID], [Index], [WrittenAnswer], [CandidateID], [RecordingID], [Correctness]) VALUES (1362,  2, N'sample ans', 1010, 1013, 1)
INSERT INTO [dbo].[Answer] ([AnswerID], [Index], [WrittenAnswer], [CandidateID], [RecordingID], [Correctness]) VALUES (1363,  3, N'sample ans', 1010, 1013, 0)
INSERT INTO [dbo].[Answer] ([AnswerID], [Index], [WrittenAnswer], [CandidateID], [RecordingID], [Correctness]) VALUES (1364,  4, N'sample ans', 1010, 1013, 1)
INSERT INTO [dbo].[Answer] ([AnswerID], [Index], [WrittenAnswer], [CandidateID], [RecordingID], [Correctness]) VALUES (1365,  5, N'sample ans', 1010, 1013, 1)
INSERT INTO [dbo].[Answer] ([AnswerID], [Index], [WrittenAnswer], [CandidateID], [RecordingID], [Correctness]) VALUES (1366,  6, N'sample ans', 1010, 1013, 1)
INSERT INTO [dbo].[Answer] ([AnswerID], [Index], [WrittenAnswer], [CandidateID], [RecordingID], [Correctness]) VALUES (1367,  7, N'sample ans', 1010, 1013, 1)
INSERT INTO [dbo].[Answer] ([AnswerID], [Index], [WrittenAnswer], [CandidateID], [RecordingID], [Correctness]) VALUES (1368,  8, N'sample ans', 1010, 1013, 1)
INSERT INTO [dbo].[Answer] ([AnswerID], [Index], [WrittenAnswer], [CandidateID], [RecordingID], [Correctness]) VALUES (1369,  9, N'sample ans', 1010, 1013, 1)
INSERT INTO [dbo].[Answer] ([AnswerID], [Index], [WrittenAnswer], [CandidateID], [RecordingID], [Correctness]) VALUES (1370, 10, N'sample ans', 1010, 1013, 1)
INSERT INTO [dbo].[Answer] ([AnswerID], [Index], [WrittenAnswer], [CandidateID], [RecordingID], [Correctness]) VALUES (1371, 11, N'sample ans', 1010, 1014, 1)
INSERT INTO [dbo].[Answer] ([AnswerID], [Index], [WrittenAnswer], [CandidateID], [RecordingID], [Correctness]) VALUES (1372, 12, N'sample ans', 1010, 1014, 1)
INSERT INTO [dbo].[Answer] ([AnswerID], [Index], [WrittenAnswer], [CandidateID], [RecordingID], [Correctness]) VALUES (1373, 13, N'sample ans', 1010, 1014, 1)
INSERT INTO [dbo].[Answer] ([AnswerID], [Index], [WrittenAnswer], [CandidateID], [RecordingID], [Correctness]) VALUES (1374, 14, N'sample ans', 1010, 1014, 1)
INSERT INTO [dbo].[Answer] ([AnswerID], [Index], [WrittenAnswer], [CandidateID], [RecordingID], [Correctness]) VALUES (1375, 15, N'sample ans', 1010, 1014, 1)
INSERT INTO [dbo].[Answer] ([AnswerID], [Index], [WrittenAnswer], [CandidateID], [RecordingID], [Correctness]) VALUES (1376, 16, N'sample ans', 1010, 1014, 1)
INSERT INTO [dbo].[Answer] ([AnswerID], [Index], [WrittenAnswer], [CandidateID], [RecordingID], [Correctness]) VALUES (1377, 17, N'sample ans', 1010, 1014, 1)
INSERT INTO [dbo].[Answer] ([AnswerID], [Index], [WrittenAnswer], [CandidateID], [RecordingID], [Correctness]) VALUES (1378, 18, N'sample ans', 1010, 1014, 1)
INSERT INTO [dbo].[Answer] ([AnswerID], [Index], [WrittenAnswer], [CandidateID], [RecordingID], [Correctness]) VALUES (1379, 19, N'sample ans', 1010, 1014, 1)
INSERT INTO [dbo].[Answer] ([AnswerID], [Index], [WrittenAnswer], [CandidateID], [RecordingID], [Correctness]) VALUES (1380, 20, N'sample ans', 1010, 1014, 1)
INSERT INTO [dbo].[Answer] ([AnswerID], [Index], [WrittenAnswer], [CandidateID], [RecordingID], [Correctness]) VALUES (1381, 21, N'sample ans', 1010, 1007, 1)
INSERT INTO [dbo].[Answer] ([AnswerID], [Index], [WrittenAnswer], [CandidateID], [RecordingID], [Correctness]) VALUES (1382, 22, N'sample ans', 1010, 1007, 1)
INSERT INTO [dbo].[Answer] ([AnswerID], [Index], [WrittenAnswer], [CandidateID], [RecordingID], [Correctness]) VALUES (1383, 23, N'sample ans', 1010, 1007, 1)
INSERT INTO [dbo].[Answer] ([AnswerID], [Index], [WrittenAnswer], [CandidateID], [RecordingID], [Correctness]) VALUES (1384, 24, N'sample ans', 1010, 1007, 0)
INSERT INTO [dbo].[Answer] ([AnswerID], [Index], [WrittenAnswer], [CandidateID], [RecordingID], [Correctness]) VALUES (1385, 25, N'sample ans', 1010, 1007, 1)
INSERT INTO [dbo].[Answer] ([AnswerID], [Index], [WrittenAnswer], [CandidateID], [RecordingID], [Correctness]) VALUES (1386, 26, N'sample ans', 1010, 1007, 1)
INSERT INTO [dbo].[Answer] ([AnswerID], [Index], [WrittenAnswer], [CandidateID], [RecordingID], [Correctness]) VALUES (1387, 27, N'sample ans', 1010, 1007, 1)
INSERT INTO [dbo].[Answer] ([AnswerID], [Index], [WrittenAnswer], [CandidateID], [RecordingID], [Correctness]) VALUES (1388, 28, N'sample ans', 1010, 1007, 1)
INSERT INTO [dbo].[Answer] ([AnswerID], [Index], [WrittenAnswer], [CandidateID], [RecordingID], [Correctness]) VALUES (1389, 29, N'sample ans', 1010, 1007, 1)
INSERT INTO [dbo].[Answer] ([AnswerID], [Index], [WrittenAnswer], [CandidateID], [RecordingID], [Correctness]) VALUES (1390, 30, N'sample ans', 1010, 1007, 1)
INSERT INTO [dbo].[Answer] ([AnswerID], [Index], [WrittenAnswer], [CandidateID], [RecordingID], [Correctness]) VALUES (1391, 31, N'sample ans', 1010, 1004, 1)
INSERT INTO [dbo].[Answer] ([AnswerID], [Index], [WrittenAnswer], [CandidateID], [RecordingID], [Correctness]) VALUES (1392, 32, N'sample ans', 1010, 1004, 1)
INSERT INTO [dbo].[Answer] ([AnswerID], [Index], [WrittenAnswer], [CandidateID], [RecordingID], [Correctness]) VALUES (1393, 33, N'sample ans', 1010, 1004, 1)
INSERT INTO [dbo].[Answer] ([AnswerID], [Index], [WrittenAnswer], [CandidateID], [RecordingID], [Correctness]) VALUES (1394, 34, N'sample ans', 1010, 1004, 1)
INSERT INTO [dbo].[Answer] ([AnswerID], [Index], [WrittenAnswer], [CandidateID], [RecordingID], [Correctness]) VALUES (1395, 35, N'sample ans', 1010, 1004, 1)
INSERT INTO [dbo].[Answer] ([AnswerID], [Index], [WrittenAnswer], [CandidateID], [RecordingID], [Correctness]) VALUES (1396, 36, N'sample ans', 1010, 1004, 1)
INSERT INTO [dbo].[Answer] ([AnswerID], [Index], [WrittenAnswer], [CandidateID], [RecordingID], [Correctness]) VALUES (1397, 37, N'sample ans', 1010, 1004, 1)
INSERT INTO [dbo].[Answer] ([AnswerID], [Index], [WrittenAnswer], [CandidateID], [RecordingID], [Correctness]) VALUES (1398, 38, N'sample ans', 1010, 1004, 1)
INSERT INTO [dbo].[Answer] ([AnswerID], [Index], [WrittenAnswer], [CandidateID], [RecordingID], [Correctness]) VALUES (1399, 39, N'sample ans', 1010, 1004, 1)
INSERT INTO [dbo].[Answer] ([AnswerID], [Index], [WrittenAnswer], [CandidateID], [RecordingID], [Correctness]) VALUES (1400, 40, N'sample ans', 1010, 1004, 1)
SET IDENTITY_INSERT [dbo].[Answer] OFF
